Date,MaxTemperatureF,MeanTemperatureF,MinTemperatureF,PrecipitationIn, CloudCover, Events
1/1/2010 0:00,18,12,6,0,3,Snow
1/2/2010 0:00,12,8,3,0,2,Snow
1/3/2010 0:00,18,10,1,0,4,Snow
1/4/2010 0:00,19,14,8,0,8,Snow
1/5/2010 0:00,23,19,15,0,7,Snow
1/6/2010 0:00,23,16,8,0,5,
1/7/2010 0:00,21,18,15,0.2,8,Fog-Snow
1/8/2010 0:00,28,22,15,0.02,8,Snow
1/9/2010 0:00,23,16,9,0,6,Snow
1/10/2010 0:00,19,9,0,0,5,
1/11/2010 0:00,27,22,17,0,8,Snow
1/12/2010 0:00,30,26,19,0,6,Snow
1/13/2010 0:00,34,26,18,0,0,
1/14/2010 0:00,39,34,30,0,7,
1/15/2010 0:00,34,30,25,0,8,
1/16/2010 0:00,28,26,24,0,8,
1/17/2010 0:00,35,28,21,0,7,Snow
1/18/2010 0:00,30,29,28,0,8,Snow
1/19/2010 0:00,36,30,25,0,6,
1/20/2010 0:00,33,32,30,0.03,8,Rain
1/21/2010 0:00,35,32,30,0.09,8,Rain
1/22/2010 0:00,35,34,33,0,8,
1/23/2010 0:00,45,39,33,0,8,
1/24/2010 0:00,46,38,30,0.33,8,Rain
1/25/2010 0:00,32,26,19,0,8,Snow
1/26/2010 0:00,23,18,12,0,7,Snow
1/27/2010 0:00,24,17,10,0,6,Snow
1/28/2010 0:00,16,12,8,0,3,
1/29/2010 0:00,19,12,5,0,6,Snow
1/30/2010 0:00,23,20,17,0,6,Snow
1/31/2010 0:00,28,22,16,0,3,
2/1/2010 0:00,30,24,18,0,8,
2/2/2010 0:00,32,28,24,0.05,8,Snow
2/3/2010 0:00,30,26,23,0,7,
2/4/2010 0:00,33,29,25,0,8,
2/5/2010 0:00,35,32,30,0.02,8,Snow
2/6/2010 0:00,28,27,26,0,7,Snow
2/7/2010 0:00,30,26,21,0,6,Snow
2/8/2010 0:00,28,24,21,0,7,Snow
2/9/2010 0:00,28,26,23,0.21,8,Fog-Snow
2/10/2010 0:00,27,23,18,0.01,7,Snow
2/11/2010 0:00,30,20,10,0,2,
2/12/2010 0:00,32,24,15,0,4,
2/13/2010 0:00,30,22,14,0,2,
2/14/2010 0:00,30,20,10,0,1,
2/15/2010 0:00,28,22,15,0,8,Snow
2/16/2010 0:00,32,29,26,0,7,Snow
2/17/2010 0:00,33,30,28,0,8,
2/18/2010 0:00,39,34,27,0,4,
2/19/2010 0:00,44,32,21,0,3,
2/20/2010 0:00,39,34,30,0,8,Snow
2/21/2010 0:00,37,34,32,0.31,8,Fog-Rain-Snow
2/22/2010 0:00,33,32,30,0.14,8,Fog-Snow
2/23/2010 0:00,32,28,23,0,8,Snow
2/24/2010 0:00,30,26,21,0,8,Fog-Snow-Thunderstorm
2/25/2010 0:00,30,26,21,0.01,2,Snow
2/26/2010 0:00,33,26,18,0,5,Snow
2/27/2010 0:00,34,31,28,0,8,Snow
2/28/2010 0:00,37,35,33,0,8,Snow
3/1/2010 0:00,35,34,32,0,8,Snow
3/2/2010 0:00,33,32,28,0,8,
3/3/2010 0:00,39,32,26,0,3,
3/4/2010 0:00,43,34,25,0,1,
3/5/2010 0:00,37,32,26,0,1,
3/6/2010 0:00,46,36,25,0,0,
3/7/2010 0:00,46,39,32,0.11,7,Rain
3/8/2010 0:00,46,40,34,0,7,Fog
3/9/2010 0:00,51,40,30,0,7,Fog-Rain
3/10/2010 0:00,63,56,48,0.09,7,Rain
3/11/2010 0:00,62,56,50,0.23,7,Rain-Thunderstorm
3/12/2010 0:00,54,48,42,0.05,7,Rain-Thunderstorm
3/13/2010 0:00,48,45,41,0.54,8,Rain-Thunderstorm
3/14/2010 0:00,48,44,39,0,7,Rain
3/15/2010 0:00,48,45,41,0,7,
3/16/2010 0:00,60,48,37,0,4,
3/17/2010 0:00,61,48,34,0,1,
3/18/2010 0:00,62,50,39,0,3,
3/19/2010 0:00,64,52,39,0,6,
3/20/2010 0:00,39,36,32,0.13,8,Fog-Rain-Snow
3/21/2010 0:00,43,38,33,0.04,8,Rain-Snow
3/22/2010 0:00,50,42,37,0,4,
3/23/2010 0:00,57,42,30,0,1,
3/24/2010 0:00,53,45,37,0,8,
3/25/2010 0:00,46,38,30,0,7,Rain
3/26/2010 0:00,39,34,28,0,1,
3/27/2010 0:00,52,42,34,0.02,7,Rain
3/28/2010 0:00,51,44,37,0,6,Rain
3/29/2010 0:00,46,40,34,0,4,
3/30/2010 0:00,63,48,32,0,3,
3/31/2010 0:00,77,64,51,0,7,
4/1/2010 0:00,82,70,57,0,7,
4/2/2010 0:00,81,70,61,0,8,
4/3/2010 0:00,60,56,50,0.24,7,Rain
4/4/2010 0:00,73,60,46,0.87,6,Rain-Thunderstorm
4/5/2010 0:00,71,60,51,0.16,7,Fog-Rain-Thunderstorm
4/6/2010 0:00,78,64,50,0.02,7,
4/7/2010 0:00,51,46,41,0.59,8,Rain
4/8/2010 0:00,39,38,36,0,8,Rain
4/9/2010 0:00,55,44,33,0,0,
4/10/2010 0:00,75,58,43,0,3,
4/11/2010 0:00,62,54,48,0,6,
4/12/2010 0:00,71,58,46,0,7,
4/13/2010 0:00,64,58,51,0,4,
4/14/2010 0:00,82,66,50,0,5,
4/15/2010 0:00,82,72,62,0,4,
4/16/2010 0:00,69,58,45,0.03,5,Rain
4/17/2010 0:00,57,48,42,0,0,
4/18/2010 0:00,51,44,37,0,2,
4/19/2010 0:00,55,46,37,0,6,
4/20/2010 0:00,60,50,41,0,6,
4/21/2010 0:00,64,52,42,0,4,Rain
4/22/2010 0:00,60,49,39,0.04,4,Rain
4/23/2010 0:00,64,54,44,0.02,7,Rain
4/24/2010 0:00,63,57,53,0.17,8,Rain
4/25/2010 0:00,59,52,48,0.31,7,Rain-Thunderstorm
4/26/2010 0:00,61,54,46,0,5,
4/27/2010 0:00,51,46,41,0,3,
4/28/2010 0:00,63,49,36,0,3,
4/29/2010 0:00,79,64,51,0,4,
4/30/2010 0:00,81,72,63,0.82,6,Fog-Rain-Thunderstorm
5/1/2010 0:00,71,67,63,0.01,7,
5/2/2010 0:00,68,60,53,0.31,7,Rain
5/3/2010 0:00,72,62,52,0,2,
5/4/2010 0:00,80,66,53,0,2,
5/5/2010 0:00,73,66,59,0,3,
5/6/2010 0:00,60,54,48,0,3,
5/7/2010 0:00,59,52,46,0.77,8,Rain-Thunderstorm
5/8/2010 0:00,50,46,42,0.08,7,Rain
5/9/2010 0:00,55,46,37,0,3,
5/10/2010 0:00,57,50,43,0,6,Rain
5/11/2010 0:00,59,50,44,0.72,8,Rain
5/12/2010 0:00,53,49,46,0.03,8,Rain-Thunderstorm
5/13/2010 0:00,78,63,48,1.05,8,Rain-Thunderstorm
5/14/2010 0:00,66,57,48,0,4,
5/15/2010 0:00,63,56,48,0,5,
5/16/2010 0:00,66,55,46,0,5,
5/17/2010 0:00,60,56,52,0.11,8,Rain
5/18/2010 0:00,62,56,50,0,7,
5/19/2010 0:00,73,60,46,0,2,
5/20/2010 0:00,72,62,52,0.05,7,Rain
5/21/2010 0:00,72,62,55,0.44,7,Rain-Thunderstorm
5/22/2010 0:00,72,64,57,0.01,6,Fog
5/23/2010 0:00,89,78,66,0,2,
5/24/2010 0:00,91,82,73,0,2,
5/25/2010 0:00,87,79,72,0,4,
5/26/2010 0:00,84,78,72,0,6,Rain-Thunderstorm
5/27/2010 0:00,77,70,64,0,4,
5/28/2010 0:00,75,68,60,0,1,
5/29/2010 0:00,84,72,62,0,2,
5/30/2010 0:00,91,77,64,0,2,
5/31/2010 0:00,84,73,64,1.57,6,Rain-Thunderstorm
6/1/2010 0:00,84,74,64,0,5,
6/2/2010 0:00,77,68,60,1.3,7,Rain-Thunderstorm
6/3/2010 0:00,71,64,57,0,5,
6/4/2010 0:00,82,72,61,0,6,
6/5/2010 0:00,79,70,60,0.51,7,Rain-Thunderstorm
6/6/2010 0:00,75,66,60,0,5,Rain
6/7/2010 0:00,69,62,57,0,2,
6/8/2010 0:00,66,63,60,0.33,8,Rain
6/9/2010 0:00,82,76,69,0,5,
6/10/2010 0:00,75,67,61,0,5,
6/11/2010 0:00,88,76,64,0.07,7,Rain-Thunderstorm
6/12/2010 0:00,77,70,62,0.12,7,Rain-Thunderstorm
6/13/2010 0:00,73,66,60,0.25,8,Rain
6/14/2010 0:00,71,66,62,0.01,7,Rain
6/15/2010 0:00,79,70,61,0.88,7,Rain-Thunderstorm
6/16/2010 0:00,86,73,64,0,4,
6/17/2010 0:00,84,74,66,0,4,
6/18/2010 0:00,91,77,66,0.64,6,Rain-Thunderstorm
6/19/2010 0:00,86,75,66,0.02,5,Rain
6/20/2010 0:00,80,72,66,0,5,
6/21/2010 0:00,84,76,68,0.4,7,Rain-Thunderstorm
6/22/2010 0:00,86,78,70,0,4,
6/23/2010 0:00,87,77,68,1.23,7,Fog-Rain-Thunderstorm
6/24/2010 0:00,81,73,66,0,3,
6/25/2010 0:00,84,74,66,0,3,
6/26/2010 0:00,88,78,68,0.67,7,Fog-Rain-Thunderstorm
6/27/2010 0:00,87,80,73,0.24,7,Rain-Thunderstorm
6/28/2010 0:00,82,74,66,0.64,5,Rain
6/29/2010 0:00,73,68,63,0,3,
6/30/2010 0:00,75,65,57,0,1,
7/1/2010 0:00,77,66,57,0,1,
7/2/2010 0:00,82,72,62,0,0,
7/3/2010 0:00,87,75,64,0,0,
7/4/2010 0:00,91,82,72,0.03,3,
7/5/2010 0:00,90,84,79,0,3,
7/6/2010 0:00,91,82,75,0.04,5,Rain-Thunderstorm
7/7/2010 0:00,93,82,72,0.05,4,Thunderstorm
7/8/2010 0:00,87,80,73,0.15,7,Rain
7/9/2010 0:00,87,80,75,0,5,
7/10/2010 0:00,89,79,69,0,3,
7/11/2010 0:00,84,75,66,0.77,6,Rain-Thunderstorm
7/12/2010 0:00,84,74,66,0.01,6,Rain
7/13/2010 0:00,84,76,71,0.02,5,Rain
7/14/2010 0:00,91,82,72,0,3,
7/15/2010 0:00,91,83,75,0,5,
7/16/2010 0:00,90,80,69,0,0,
7/17/2010 0:00,91,81,72,0,2,
7/18/2010 0:00,91,82,73,0.29,5,Rain-Thunderstorm
7/19/2010 0:00,84,77,72,0,5,Rain
7/20/2010 0:00,84,76,69,0,6,
7/21/2010 0:00,90,80,73,0,3,
7/22/2010 0:00,90,81,73,0.02,6,Rain
7/23/2010 0:00,95,82,71,2.17,6,Rain-Thunderstorm
7/24/2010 0:00,87,78,69,5.56,8,Fog-Rain-Thunderstorm
7/25/2010 0:00,81,74,69,0.53,5,Rain
7/26/2010 0:00,84,74,64,0,4,
7/27/2010 0:00,88,80,71,0,3,
7/28/2010 0:00,91,84,77,0,6,
7/29/2010 0:00,81,75,70,0,4,
7/30/2010 0:00,79,75,71,0,7,Rain
7/31/2010 0:00,78,70,64,0.6,6,Rain-Thunderstorm
8/1/2010 0:00,84,75,66,0,4,
8/2/2010 0:00,84,76,70,0.06,5,Rain
8/3/2010 0:00,87,75,64,1.62,7,Rain-Thunderstorm
8/4/2010 0:00,81,76,71,0.57,6,Rain-Thunderstorm
8/5/2010 0:00,84,78,70,0,1,
8/6/2010 0:00,82,73,64,0,1,
8/7/2010 0:00,84,74,66,0,3,
8/8/2010 0:00,87,79,71,0.05,5,Rain
8/9/2010 0:00,87,81,75,0,6,
8/10/2010 0:00,88,83,78,0,6,
8/11/2010 0:00,90,84,77,0,4,
8/12/2010 0:00,89,82,75,0,1,
8/13/2010 0:00,93,82,72,0.66,5,Rain-Thunderstorm
8/14/2010 0:00,88,80,73,0,5,Rain
8/15/2010 0:00,84,78,70,0,2,
8/16/2010 0:00,80,72,64,0,1,
8/17/2010 0:00,79,72,66,0,6,Rain
8/18/2010 0:00,82,73,64,0.07,5,Rain
8/19/2010 0:00,87,78,69,0,3,
8/20/2010 0:00,93,83,75,0,6,Rain
8/21/2010 0:00,86,78,71,0.59,7,Rain
8/22/2010 0:00,80,74,69,0,3,
8/23/2010 0:00,78,72,66,0,3,
8/24/2010 0:00,81,75,69,0,4,
8/25/2010 0:00,79,70,63,0,2,
8/26/2010 0:00,78,70,64,0,3,
8/27/2010 0:00,82,72,61,0,0,
8/28/2010 0:00,87,76,64,0,0,
8/29/2010 0:00,93,82,72,0,2,
8/30/2010 0:00,88,80,73,0,3,
8/31/2010 0:00,91,83,75,0,3,
9/1/2010 0:00,80,76,71,0.09,7,Rain
9/2/2010 0:00,82,74,66,0.87,8,Rain-Thunderstorm
9/3/2010 0:00,72,64,57,0.01,5,
9/4/2010 0:00,68,59,52,0,3,Rain
9/5/2010 0:00,77,64,52,0,4,Rain
9/6/2010 0:00,84,76,69,0,7,
9/7/2010 0:00,79,70,62,0,2,
9/8/2010 0:00,71,62,54,0,1,
9/9/2010 0:00,68,60,53,0,4,
9/10/2010 0:00,72,66,59,0,3,
9/11/2010 0:00,75,67,59,0.15,6,Rain
9/12/2010 0:00,82,68,55,0,1,
9/13/2010 0:00,82,72,62,0,2,
9/14/2010 0:00,77,66,57,0,3,
9/15/2010 0:00,75,68,61,0,5,Rain
9/16/2010 0:00,70,64,57,0.07,7,Rain
9/17/2010 0:00,73,62,52,0,2,
9/18/2010 0:00,66,63,60,0.22,8,Rain-Thunderstorm
9/19/2010 0:00,68,62,57,0.01,7,Rain
9/20/2010 0:00,77,70,64,0,6,
9/21/2010 0:00,89,79,68,0.03,6,Rain-Thunderstorm
9/22/2010 0:00,75,68,64,0,6,
9/23/2010 0:00,90,78,66,0,6,
9/24/2010 0:00,79,70,57,0.2,5,Rain
9/25/2010 0:00,60,56,52,0,6,Rain
9/26/2010 0:00,60,55,51,0.05,7,Rain
9/27/2010 0:00,63,56,51,0.01,7,Rain
9/28/2010 0:00,70,58,48,0,3,
9/29/2010 0:00,75,63,51,0,1,
9/30/2010 0:00,75,64,55,0,2,
10/1/2010 0:00,73,61,50,0,3,Rain
10/2/2010 0:00,55,50,46,0.27,7,Rain
10/3/2010 0:00,57,50,44,0.01,5,Rain
10/4/2010 0:00,59,50,41,0,3,
10/5/2010 0:00,66,52,39,0,0,
10/6/2010 0:00,78,62,46,0,1,
10/7/2010 0:00,75,62,50,0,0,
10/8/2010 0:00,79,64,50,0,1,
10/9/2010 0:00,87,72,57,0,0,
10/10/2010 0:00,84,70,59,0,4,
10/11/2010 0:00,81,70,60,0,5,
10/12/2010 0:00,75,65,55,0,5,
10/13/2010 0:00,63,56,50,0.26,6,Rain-Thunderstorm
10/14/2010 0:00,66,54,45,0,4,
10/15/2010 0:00,62,54,48,0,2,
10/16/2010 0:00,71,57,44,0,1,
10/17/2010 0:00,64,56,48,0,3,
10/18/2010 0:00,60,52,46,0,6,
10/19/2010 0:00,61,50,41,0,4,
10/20/2010 0:00,70,58,46,0,3,
10/21/2010 0:00,55,49,42,0,2,
10/22/2010 0:00,64,50,37,0.01,1,
10/23/2010 0:00,66,60,55,0.21,8,Rain-Thunderstorm
10/24/2010 0:00,73,64,57,1.01,7,Rain-Thunderstorm
10/25/2010 0:00,72,64,57,0.01,6,
10/26/2010 0:00,71,63,55,0.4,7,Rain-Thunderstorm
10/27/2010 0:00,64,54,44,0,2,
10/28/2010 0:00,46,42,39,0,8,
10/29/2010 0:00,48,40,33,0,4,
10/30/2010 0:00,63,52,42,0,4,
10/31/2010 0:00,52,45,39,0,5,
11/1/2010 0:00,53,47,41,0,3,
11/2/2010 0:00,52,44,37,0,1,
11/3/2010 0:00,53,44,36,0.01,4,Rain
11/4/2010 0:00,50,46,39,0.04,6,Rain
11/5/2010 0:00,41,36,32,0,3,
11/6/2010 0:00,46,36,28,0,2,
11/7/2010 0:00,60,48,36,0,2,
11/8/2010 0:00,66,54,42,0,2,
11/9/2010 0:00,68,57,46,0,0,
11/10/2010 0:00,69,56,44,0,3,
11/11/2010 0:00,68,59,50,0,5,Rain
11/12/2010 0:00,59,55,51,0,6,
11/13/2010 0:00,57,48,39,0.04,8,Rain
11/14/2010 0:00,48,42,37,0.05,7,Rain
11/15/2010 0:00,51,44,36,0,4,
11/16/2010 0:00,48,42,36,0,5,
11/17/2010 0:00,46,42,37,0,7,Rain
11/18/2010 0:00,39,36,32,0,6,
11/19/2010 0:00,51,40,30,0,5,
11/20/2010 0:00,44,40,35,0,7,
11/21/2010 0:00,61,52,42,0,8,
11/22/2010 0:00,66,54,41,1.53,8,Rain-Thunderstorm
11/23/2010 0:00,39,34,28,0,1,
11/24/2010 0:00,39,34,28,0.25,8,Rain
11/25/2010 0:00,39,31,23,0.02,7,
11/26/2010 0:00,33,26,19,0,3,
11/27/2010 0:00,34,28,23,0,1,
11/28/2010 0:00,45,35,25,0,4,
11/29/2010 0:00,50,44,37,0.54,7,Rain
11/30/2010 0:00,50,38,26,0.02,8,Snow
12/1/2010 0:00,26,24,23,0,8,Snow
12/2/2010 0:00,33,28,24,0,7,
12/3/2010 0:00,32,26,19,0,5,Snow
12/4/2010 0:00,33,30,25,0.22,7,Fog-Snow
12/5/2010 0:00,26,20,12,0,4,Snow
12/6/2010 0:00,19,14,10,0,5,Snow
12/7/2010 0:00,21,16,12,0,2,
12/8/2010 0:00,25,18,12,0,2,
12/9/2010 0:00,28,20,12,0.04,7,Snow
12/10/2010 0:00,37,32,26,0,4,
12/11/2010 0:00,37,32,25,0.41,8,Rain-Snow
12/12/2010 0:00,32,26,19,0.07,8,Fog-Snow
12/13/2010 0:00,17,12,8,0,5,Snow
12/14/2010 0:00,21,14,7,0,1,
12/15/2010 0:00,24,15,6,0,4,
12/16/2010 0:00,28,24,21,0,8,Snow
12/17/2010 0:00,21,16,12,0,1,Snow
12/18/2010 0:00,19,16,12,0,2,
12/19/2010 0:00,21,16,12,0,4,
12/20/2010 0:00,26,18,10,0.1,7,Fog-Snow
12/21/2010 0:00,32,29,26,0,8,Fog-Rain-Snow
12/22/2010 0:00,35,27,19,0,6,Snow
12/23/2010 0:00,30,26,21,0,6,
12/24/2010 0:00,32,30,28,0.08,8,Fog-Snow
12/25/2010 0:00,32,29,26,0.03,7,Snow
12/26/2010 0:00,32,28,23,0.03,7,Snow
12/27/2010 0:00,23,19,15,0,3,
12/28/2010 0:00,28,21,14,0,4,
12/29/2010 0:00,37,27,18,0.01,6,
12/30/2010 0:00,48,42,37,0,8,
12/31/2010 0:00,55,50,46,1.05,8,Fog-Rain-Thunderstorm
1/1/2011 0:00,43,30,15,0,6,
1/2/2011 0:00,25,18,12,0,1,
1/3/2011 0:00,36,28,21,0,5,
1/4/2011 0:00,30,23,14,0,2,
1/5/2011 0:00,32,22,12,0,6,Snow
1/6/2011 0:00,28,24,19,0,7,Snow
1/7/2011 0:00,21,18,12,0,8,Snow
1/8/2011 0:00,24,17,10,0,2,Snow
1/9/2011 0:00,30,20,10,0,3,
1/10/2011 0:00,32,26,21,0,7,
1/11/2011 0:00,27,25,23,0.09,8,Fog-Snow
1/12/2011 0:00,28,24,21,0,7,Snow
1/13/2011 0:00,24,20,15,0,8,Snow
1/14/2011 0:00,27,22,17,0,8,Snow
1/15/2011 0:00,27,23,19,0,7,Snow
1/16/2011 0:00,23,16,10,0,6,Snow
1/17/2011 0:00,35,27,19,0.11,8,Rain-Snow
1/18/2011 0:00,34,29,24,0.03,8,Rain-Snow
1/19/2011 0:00,24,20,17,0,7,Snow
1/20/2011 0:00,21,15,7,0,7,Snow
1/21/2011 0:00,10,5,0,0,4,
1/22/2011 0:00,19,13,7,0,7,Snow
1/23/2011 0:00,21,14,8,0,6,Snow
1/24/2011 0:00,28,22,15,0,8,Snow
1/25/2011 0:00,30,26,21,0,8,
1/26/2011 0:00,28,24,19,0,8,Snow
1/27/2011 0:00,26,22,17,0.02,8,Fog-Snow
1/28/2011 0:00,32,25,18,0,6,Snow
1/29/2011 0:00,35,30,26,0,8,Snow
1/30/2011 0:00,30,29,27,0,8,Snow
1/31/2011 0:00,27,23,19,0.02,8,Snow
2/1/2011 0:00,24,22,19,0.2,8,Fog-Snow-Thunderstorm
2/2/2011 0:00,24,18,10,0.09,7,Fog-Snow
2/3/2011 0:00,17,8,0,0,0,
2/4/2011 0:00,27,17,7,0,0,
2/5/2011 0:00,28,20,12,0,5,
2/6/2011 0:00,32,29,26,0.1,8,Snow
2/7/2011 0:00,32,28,23,0.03,8,Snow
2/8/2011 0:00,21,12,3,0,5,Snow
2/9/2011 0:00,12,6,1,0,6,
2/10/2011 0:00,15,5,-5,0,1,
2/11/2011 0:00,30,20,10,0,8,Snow
2/12/2011 0:00,37,32,27,0,5,
2/13/2011 0:00,48,41,34,0,4,
2/14/2011 0:00,42,37,28,0,4,
2/15/2011 0:00,39,33,27,0.03,6,Rain
2/16/2011 0:00,52,44,37,0,7,
2/17/2011 0:00,57,54,50,0,7,
2/18/2011 0:00,50,43,35,0,2,
2/19/2011 0:00,36,32,28,0,3,
2/20/2011 0:00,37,32,28,0.9,8,Rain
2/21/2011 0:00,34,30,26,0.03,8,Rain-Snow
2/22/2011 0:00,27,26,24,0,8,Snow
2/23/2011 0:00,34,29,24,0.02,8,Rain
2/24/2011 0:00,37,35,33,0,8,Snow
2/25/2011 0:00,36,33,30,0,8,Snow
2/26/2011 0:00,34,30,26,0.05,8,Snow
2/27/2011 0:00,37,32,26,0.25,7,Rain-Thunderstorm
2/28/2011 0:00,37,32,27,0.04,4,Rain-Snow
3/1/2011 0:00,44,34,25,0,4,
3/2/2011 0:00,36,31,26,0,4,
3/3/2011 0:00,45,36,27,0,7,
3/4/2011 0:00,59,47,35,0.61,8,Rain
3/5/2011 0:00,36,31,26,0.01,8,Rain-Snow
3/6/2011 0:00,32,30,28,0,7,
3/7/2011 0:00,34,30,26,0,7,
3/8/2011 0:00,45,39,33,0.01,7,Rain
3/9/2011 0:00,48,42,35,0.38,8,Rain-Snow
3/10/2011 0:00,37,34,30,0.01,6,Snow
3/11/2011 0:00,46,37,28,0,4,
3/12/2011 0:00,45,38,30,0,7,
3/13/2011 0:00,39,32,24,0,5,
3/14/2011 0:00,42,36,30,0,7,
3/15/2011 0:00,39,36,34,0,8,Rain
3/16/2011 0:00,62,48,34,0,5,
3/17/2011 0:00,68,58,48,0,7,
3/18/2011 0:00,55,48,39,0,6,
3/19/2011 0:00,48,42,36,0,3,
3/20/2011 0:00,61,50,41,0.29,8,Rain-Thunderstorm
3/21/2011 0:00,60,51,42,0,7,Thunderstorm
3/22/2011 0:00,44,42,39,0.19,8,Rain-Thunderstorm
3/23/2011 0:00,46,39,30,0.13,8,Rain-Snow
3/24/2011 0:00,35,32,28,0,6,Snow
3/25/2011 0:00,36,30,27,0,7,Snow
3/26/2011 0:00,33,30,26,0,6,Snow
3/27/2011 0:00,35,30,27,0,3,
3/28/2011 0:00,36,30,24,0,3,
3/29/2011 0:00,41,34,28,0,7,
3/30/2011 0:00,46,39,33,0,4,
3/31/2011 0:00,46,36,27,0,4,
4/1/2011 0:00,46,38,32,0.15,7,Rain-Snow
4/2/2011 0:00,53,45,37,0,5,
4/3/2011 0:00,77,58,42,0.02,8,Rain-Thunderstorm
4/4/2011 0:00,69,56,41,0.14,8,Rain-Thunderstorm
4/5/2011 0:00,52,43,35,0,5,
4/6/2011 0:00,57,50,44,0,7,
4/7/2011 0:00,46,42,39,0.34,7,Fog-Rain
4/8/2011 0:00,46,44,42,0.51,8,Rain
4/9/2011 0:00,66,54,46,0,6,
4/10/2011 0:00,82,73,64,0,4,
4/11/2011 0:00,69,60,48,0.08,7,Rain
4/12/2011 0:00,57,50,42,0,1,
4/13/2011 0:00,66,50,37,0,5,
4/14/2011 0:00,54,48,42,0,7,
4/15/2011 0:00,54,46,39,0.17,8,Rain-Thunderstorm
4/16/2011 0:00,51,44,36,0.13,8,Rain-Snow
4/17/2011 0:00,52,42,35,0,6,Rain
4/18/2011 0:00,43,38,33,0.42,8,Rain-Snow
4/19/2011 0:00,41,37,35,0.73,8,Rain-Thunderstorm
4/20/2011 0:00,44,40,36,0.01,7,
4/21/2011 0:00,48,40,33,0,5,Rain
4/22/2011 0:00,57,47,41,0.69,8,Rain-Thunderstorm
4/23/2011 0:00,64,56,48,0,7,
4/24/2011 0:00,57,50,46,0,7,Rain
4/25/2011 0:00,55,50,46,0.26,8,Rain
4/26/2011 0:00,68,58,50,0.6,7,Rain
4/27/2011 0:00,55,50,45,0.26,8,Rain
4/28/2011 0:00,46,44,41,0.04,8,Rain
4/29/2011 0:00,61,49,37,0,4,
4/30/2011 0:00,73,61,50,0,7,
5/1/2011 0:00,64,59,53,0,6,
5/2/2011 0:00,60,52,44,0,7,
5/3/2011 0:00,51,44,39,0,6,
5/4/2011 0:00,57,48,39,0,5,
5/5/2011 0:00,62,51,41,0.1,6,Rain-Thunderstorm
5/6/2011 0:00,69,56,46,0,4,
5/7/2011 0:00,60,53,46,0,7,
5/8/2011 0:00,66,55,44,0,4,
5/9/2011 0:00,73,62,51,0,6,
5/10/2011 0:00,91,78,64,0,5,
5/11/2011 0:00,88,78,69,0.28,5,Rain-Thunderstorm
5/12/2011 0:00,87,74,62,0.02,7,Thunderstorm
5/13/2011 0:00,77,62,48,0.01,7,
5/14/2011 0:00,51,48,46,0.37,8,Rain
5/15/2011 0:00,48,45,42,0.3,8,Rain
5/16/2011 0:00,53,45,39,0,1,
5/17/2011 0:00,60,50,41,0,5,
5/18/2011 0:00,61,56,50,0.03,8,Rain
5/19/2011 0:00,73,61,51,0,7,
5/20/2011 0:00,72,60,50,0,5,
5/21/2011 0:00,75,63,51,0,5,
5/22/2011 0:00,88,76,64,0.12,5,Rain-Thunderstorm
5/23/2011 0:00,80,72,66,0,6,Rain
5/24/2011 0:00,69,58,48,0,5,
5/25/2011 0:00,75,60,48,1.57,8,Fog-Rain-Thunderstorm
5/26/2011 0:00,50,47,43,0.71,8,Rain
5/27/2011 0:00,57,50,43,0.01,6,Rain
5/28/2011 0:00,64,57,51,0.23,8,Rain-Thunderstorm
5/29/2011 0:00,72,64,57,0.84,7,Fog-Rain-Thunderstorm
5/30/2011 0:00,90,77,64,0,2,
5/31/2011 0:00,88,80,71,0,4,Rain-Thunderstorm
6/1/2011 0:00,82,72,63,0,3,
6/2/2011 0:00,69,63,57,0,7,Rain
6/3/2011 0:00,88,72,57,0.18,5,Rain
6/4/2011 0:00,91,80,69,0.5,5,Fog-Rain-Thunderstorm
6/5/2011 0:00,84,72,63,0.01,5,
6/6/2011 0:00,93,78,63,0,3,
6/7/2011 0:00,96,87,78,0,1,
6/8/2011 0:00,96,82,68,0.25,4,Rain-Thunderstorm
6/9/2011 0:00,69,60,51,2.61,8,Fog-Rain-Thunderstorm
6/10/2011 0:00,71,61,52,0.44,8,Rain-Thunderstorm
6/11/2011 0:00,64,58,53,0.1,8,Rain-Thunderstorm
6/12/2011 0:00,64,57,51,0,6,
6/13/2011 0:00,71,63,55,0,5,
6/14/2011 0:00,77,67,57,0,7,
6/15/2011 0:00,72,64,57,0.84,7,Rain-Thunderstorm
6/16/2011 0:00,81,72,62,0.03,5,Rain
6/17/2011 0:00,82,73,64,0,5,
6/18/2011 0:00,82,73,64,0,7,
6/19/2011 0:00,82,74,66,0,6,
6/20/2011 0:00,80,74,69,1.23,7,Rain-Thunderstorm
6/21/2011 0:00,89,79,69,0.08,7,Rain-Thunderstorm
6/22/2011 0:00,75,70,66,0.02,6,
6/23/2011 0:00,72,67,62,0.05,8,Rain
6/24/2011 0:00,68,64,60,0,8,
6/25/2011 0:00,78,69,61,0,7,Rain
6/26/2011 0:00,80,72,64,0,5,
6/27/2011 0:00,80,74,68,0.14,7,Rain
6/28/2011 0:00,81,72,64,0,0,
6/29/2011 0:00,79,72,64,0,1,
6/30/2011 0:00,89,78,66,0.01,5,Rain-Thunderstorm
7/1/2011 0:00,89,78,70,0.03,7,Rain-Thunderstorm
7/2/2011 0:00,93,84,73,0,4,
7/3/2011 0:00,86,78,71,0,6,
7/4/2011 0:00,88,78,69,0,3,
7/5/2011 0:00,91,80,68,0,2,
7/6/2011 0:00,87,78,71,0,4,
7/7/2011 0:00,81,74,68,0.06,6,Rain
7/8/2011 0:00,86,75,66,0,0,
7/9/2011 0:00,90,79,68,0,2,
7/10/2011 0:00,91,82,75,0,4,
7/11/2011 0:00,90,80,71,0.06,5,Rain-Thunderstorm
7/12/2011 0:00,88,79,71,0,3,Rain
7/13/2011 0:00,73,70,66,0,6,
7/14/2011 0:00,82,72,64,0,5,
7/15/2011 0:00,86,78,72,0,6,
7/16/2011 0:00,90,82,73,0,5,
7/17/2011 0:00,95,84,73,0,1,
7/18/2011 0:00,93,86,81,0,7,
7/19/2011 0:00,91,86,81,0,4,
7/20/2011 0:00,100,88,77,0,5,Thunderstorm
7/21/2011 0:00,100,91,82,0,2,
7/22/2011 0:00,100,80,71,0.1,6,Rain-Thunderstorm
7/23/2011 0:00,87,78,69,0.01,7,Rain-Thunderstorm
7/24/2011 0:00,87,78,73,0,7,Fog-Rain-Thunderstorm
7/25/2011 0:00,90,80,73,0,3,
7/26/2011 0:00,84,78,73,0,4,
7/27/2011 0:00,91,82,72,0,7,Rain-Thunderstorm
7/28/2011 0:00,88,80,73,0,7,Rain-Thunderstorm
7/29/2011 0:00,86,80,75,0.36,6,Rain-Thunderstorm
7/30/2011 0:00,91,80,70,0,1,
7/31/2011 0:00,91,82,73,0,2,
8/1/2011 0:00,91,82,75,0,5,
8/2/2011 0:00,93,83,73,0.28,8,Rain-Thunderstorm
8/3/2011 0:00,87,80,73,0,5,
8/4/2011 0:00,82,75,69,0,4,
8/5/2011 0:00,84,76,70,0,5,
8/6/2011 0:00,84,78,73,0.69,6,Rain
8/7/2011 0:00,87,78,69,0.49,5,Rain-Thunderstorm
8/8/2011 0:00,80,75,70,0.29,6,Rain-Thunderstorm
8/9/2011 0:00,82,74,66,0,2,
8/10/2011 0:00,77,70,63,0,3,
8/11/2011 0:00,81,70,61,0,1,
8/12/2011 0:00,82,72,64,0,5,
8/13/2011 0:00,84,75,66,0.63,6,Rain-Hail-Thunderstorm
8/14/2011 0:00,75,68,63,0.01,4,Rain
8/15/2011 0:00,80,70,59,0,2,
8/16/2011 0:00,82,73,64,0,1,
8/17/2011 0:00,82,74,66,0,4,
8/18/2011 0:00,84,76,71,0,3,
8/19/2011 0:00,86,78,69,0,3,
8/20/2011 0:00,79,73,68,0.27,7,Rain-Thunderstorm
8/21/2011 0:00,81,74,66,0.01,4,Rain
8/22/2011 0:00,81,71,61,0,4,
8/23/2011 0:00,73,70,66,0.4,6,Rain-Thunderstorm
8/24/2011 0:00,91,80,70,0,2,
8/25/2011 0:00,80,72,64,0,0,
8/26/2011 0:00,82,71,60,0,2,
8/27/2011 0:00,82,74,68,0,2,
8/28/2011 0:00,77,68,62,0,4,
8/29/2011 0:00,78,68,60,0,2,
8/30/2011 0:00,79,71,64,0.01,7,Rain
8/31/2011 0:00,88,76,64,0.01,4,Rain
9/1/2011 0:00,93,83,73,0,1,
9/2/2011 0:00,93,86,79,0,3,Thunderstorm
9/3/2011 0:00,87,80,71,0.14,5,Rain-Thunderstorm
9/4/2011 0:00,73,68,62,0,5,Rain
9/5/2011 0:00,66,60,53,0,4,Rain
9/6/2011 0:00,66,62,57,0,4,
9/7/2011 0:00,70,64,59,0,2,
9/8/2011 0:00,73,68,62,0.06,7,Rain
9/9/2011 0:00,72,68,64,0.11,8,Rain
9/10/2011 0:00,75,68,60,0.01,4,Fog
9/11/2011 0:00,82,72,61,0,2,
9/12/2011 0:00,86,75,64,0,3,
9/13/2011 0:00,75,69,62,0,0,
9/14/2011 0:00,60,56,51,0,5,Rain
9/15/2011 0:00,60,50,44,0,3,
9/16/2011 0:00,59,54,48,0,8,
9/17/2011 0:00,69,60,52,0,4,
9/18/2011 0:00,66,60,55,0.3,8,Rain
9/19/2011 0:00,68,64,57,0.45,6,Rain
9/20/2011 0:00,75,64,53,0,5,Fog
9/21/2011 0:00,72,66,59,0,3,
9/22/2011 0:00,63,58,53,0,6,
9/23/2011 0:00,62,54,48,0.01,5,Rain
9/24/2011 0:00,63,56,51,0.07,7,Rain
9/25/2011 0:00,64,58,53,0.2,7,Rain
9/26/2011 0:00,63,58,53,0.76,8,Rain
9/27/2011 0:00,63,58,53,0.28,8,Rain
9/28/2011 0:00,64,58,54,0.15,7,Rain
9/29/2011 0:00,66,59,52,0.09,6,Rain
9/30/2011 0:00,57,52,48,0.14,7,Rain
10/1/2011 0:00,55,50,44,0.01,4,
10/2/2011 0:00,64,52,41,0,1,
10/3/2011 0:00,70,58,46,0,1,
10/4/2011 0:00,73,60,48,0,1,
10/5/2011 0:00,80,66,53,0,0,
10/6/2011 0:00,81,68,55,0,0,
10/7/2011 0:00,84,72,60,0,3,
10/8/2011 0:00,82,72,61,0,1,
10/9/2011 0:00,80,68,57,0,1,
10/10/2011 0:00,77,68,59,0,5,
10/11/2011 0:00,78,67,57,0,5,
10/12/2011 0:00,77,67,59,0,4,
10/13/2011 0:00,64,60,54,0.49,7,Rain
10/14/2011 0:00,61,54,48,0,3,
10/15/2011 0:00,61,54,46,0,2,
10/16/2011 0:00,60,54,48,0.12,5,Rain
10/17/2011 0:00,57,47,39,0,4,
10/18/2011 0:00,54,46,39,0.02,7,Rain
10/19/2011 0:00,48,46,45,0.76,8,Rain
10/20/2011 0:00,46,44,42,0.14,8,Rain
10/21/2011 0:00,54,46,37,0,2,
10/22/2011 0:00,66,52,39,0,3,
10/23/2011 0:00,66,55,44,0.04,4,Rain-Thunderstorm
10/24/2011 0:00,63,54,46,0.24,2,Rain-Thunderstorm
10/25/2011 0:00,73,62,50,0.13,6,Rain-Thunderstorm
10/26/2011 0:00,54,52,48,0,8,Thunderstorm
10/27/2011 0:00,51,46,39,0.14,6,Rain
10/28/2011 0:00,54,46,37,0,6,
10/29/2011 0:00,54,44,36,0,2,
10/30/2011 0:00,57,46,36,0.11,7,Rain
10/31/2011 0:00,53,46,39,0,3,
11/1/2011 0:00,66,52,39,0,1,
11/2/2011 0:00,66,57,48,0,6,Rain
11/3/2011 0:00,48,47,46,0.33,8,Rain
11/4/2011 0:00,51,46,43,0,4,
11/5/2011 0:00,57,47,37,0,4,
11/6/2011 0:00,59,52,48,0,6,
11/7/2011 0:00,55,53,51,0.21,8,Rain
11/8/2011 0:00,55,52,48,1.17,8,Rain
11/9/2011 0:00,60,48,37,0.29,7,Rain
11/10/2011 0:00,39,36,33,0.02,5,Fog-Rain-Snow
11/11/2011 0:00,45,38,30,0,3,
11/12/2011 0:00,60,48,37,0,5,
11/13/2011 0:00,71,60,48,0,5,
11/14/2011 0:00,52,47,42,0.01,7,Rain
11/15/2011 0:00,63,51,39,0,2,
11/16/2011 0:00,46,39,32,0,5,
11/17/2011 0:00,36,32,27,0,1,
11/18/2011 0:00,51,40,30,0,4,
11/19/2011 0:00,57,51,45,0,7,Rain
11/20/2011 0:00,55,47,39,0,7,
11/21/2011 0:00,46,42,39,0,6,
11/22/2011 0:00,44,42,39,0.24,8,Rain
11/23/2011 0:00,48,41,34,0,1,
11/24/2011 0:00,46,42,39,0,7,
11/25/2011 0:00,57,49,41,0,5,
11/26/2011 0:00,57,52,46,0.8,8,Rain
11/27/2011 0:00,44,40,35,0.09,8,Rain
11/28/2011 0:00,39,36,33,0,8,Snow
11/29/2011 0:00,44,39,32,0,8,
11/30/2011 0:00,43,34,25,0,3,
12/1/2011 0:00,46,38,30,0,6,
12/2/2011 0:00,42,38,33,0,5,Rain-Snow
12/3/2011 0:00,50,44,37,0.19,8,Rain
12/4/2011 0:00,52,44,35,0.05,8,Rain
12/5/2011 0:00,39,37,35,0.01,8,Rain-Snow
12/6/2011 0:00,37,32,28,0,7,Snow
12/7/2011 0:00,34,30,26,0,4,
12/8/2011 0:00,36,30,25,0,7,Snow
12/9/2011 0:00,30,24,18,0,4,Snow
12/10/2011 0:00,26,19,12,0,1,
12/11/2011 0:00,42,34,25,0,0,
12/12/2011 0:00,45,36,28,0,4,
12/13/2011 0:00,44,42,39,0.05,8,Rain
12/14/2011 0:00,55,48,41,1.01,8,Rain
12/15/2011 0:00,57,45,32,0.02,8,
12/16/2011 0:00,34,30,27,0,4,
12/17/2011 0:00,33,30,28,0.02,8,Snow
12/18/2011 0:00,43,34,26,0,4,Fog
12/19/2011 0:00,50,44,39,0,7,
12/20/2011 0:00,39,38,37,0,8,Rain
12/21/2011 0:00,42,40,39,0,8,Fog-Rain
12/22/2011 0:00,39,36,33,0.04,7,Rain
12/23/2011 0:00,34,29,24,0,5,Snow
12/24/2011 0:00,37,30,24,0,1,
12/25/2011 0:00,45,38,30,0,3,
12/26/2011 0:00,44,36,27,0.03,3,Rain
12/27/2011 0:00,39,34,28,0.1,7,Rain
12/28/2011 0:00,32,26,21,0,5,
12/29/2011 0:00,48,40,32,0,5,Rain
12/30/2011 0:00,46,42,37,0.36,8,Fog-Rain
12/31/2011 0:00,42,34,30,0,5,
1/1/2012 0:00,44,37,30,0.01,6,Rain-Snow
1/2/2012 0:00,28,23,17,0,7,Snow
1/3/2012 0:00,26,19,12,0,4,
1/4/2012 0:00,42,34,26,0,4,
1/5/2012 0:00,48,38,28,0,4,
1/6/2012 0:00,54,48,42,0,7,
1/7/2012 0:00,43,36,30,0,2,
1/8/2012 0:00,39,33,27,0,4,
1/9/2012 0:00,46,37,28,0,2,
1/10/2012 0:00,51,40,30,0,0,
1/11/2012 0:00,51,42,32,0,3,
1/12/2012 0:00,34,26,19,0.05,8,Fog-Snow
1/13/2012 0:00,22,19,16,T,8,Snow
1/14/2012 0:00,21,18,14,T,7,Snow
1/15/2012 0:00,31,22,13,T,4,Snow
1/16/2012 0:00,44,37,30,0.04,7,Rain
1/17/2012 0:00,42,30,17,0.07,7,Rain-Snow
1/18/2012 0:00,26,19,11,0,3,
1/19/2012 0:00,28,17,6,T,5,Snow
1/20/2012 0:00,23,15,6,0.34,7,Fog-Snow
1/21/2012 0:00,26,21,16,T,6,Snow
1/22/2012 0:00,43,30,16,0.44,8,Fog-Rain-Thunderstorm
1/23/2012 0:00,46,38,30,0.25,8,Rain-Snow-Thunderstorm
1/24/2012 0:00,37,32,26,0,6,
1/25/2012 0:00,34,29,24,0,8,
1/26/2012 0:00,37,35,32,T,8,
1/27/2012 0:00,43,38,33,0.02,6,Snow
1/28/2012 0:00,33,30,26,0.03,3,Snow
1/29/2012 0:00,31,26,21,T,5,Snow
1/30/2012 0:00,53,38,22,0,6,
1/31/2012 0:00,58,51,43,0,4,
2/1/2012 0:00,46,40,34,0,6,
2/2/2012 0:00,44,39,33,0,6,
2/3/2012 0:00,40,37,34,T,8,
2/4/2012 0:00,39,34,29,0.03,7,Rain-Snow
2/5/2012 0:00,43,35,27,0,3,
2/6/2012 0:00,32,31,29,0,7,
2/7/2012 0:00,36,33,29,T,8,Snow
2/8/2012 0:00,36,31,25,0,5,
2/9/2012 0:00,35,28,20,0,2,
2/10/2012 0:00,35,25,15,0.02,8,Snow
2/11/2012 0:00,20,15,10,0,1,
2/12/2012 0:00,36,26,15,0,0,
2/13/2012 0:00,37,28,19,0.01,7,Snow
2/14/2012 0:00,36,33,29,T,8,Snow
2/15/2012 0:00,42,37,32,0.13,7,Rain
2/16/2012 0:00,47,41,34,0.08,5,Rain
2/17/2012 0:00,49,38,27,0,2,
2/18/2012 0:00,37,33,29,0,2,
2/19/2012 0:00,37,32,26,0,2,
2/20/2012 0:00,43,34,25,0,4,
2/21/2012 0:00,41,37,33,0.07,7,Rain-Snow
2/22/2012 0:00,42,37,32,T,7,Rain-Snow
2/23/2012 0:00,39,34,28,0.11,8,Rain-Snow
2/24/2012 0:00,35,30,25,0.24,8,Fog-Rain-Snow
2/25/2012 0:00,29,24,19,0,2,
2/26/2012 0:00,52,37,22,0,1,
2/27/2012 0:00,40,34,27,0,2,
2/28/2012 0:00,47,36,25,0.08,6,Rain
2/29/2012 0:00,60,48,35,0.19,6,Rain
3/1/2012 0:00,39,37,35,T,7,
3/2/2012 0:00,41,38,35,0.19,8,Rain-Snow-Thunderstorm
3/3/2012 0:00,35,33,30,T,8,Snow
3/4/2012 0:00,36,31,26,T,8,Snow
3/5/2012 0:00,37,29,20,T,3,
3/6/2012 0:00,68,50,32,0,2,
3/7/2012 0:00,68,61,54,T,7,Rain
3/8/2012 0:00,61,49,36,0.21,5,Rain
3/9/2012 0:00,40,35,30,0,1,
3/10/2012 0:00,60,44,28,0,2,
3/11/2012 0:00,68,54,39,T,5,Rain
3/12/2012 0:00,67,60,52,0.28,6,Rain
3/13/2012 0:00,71,60,48,0,1,
3/14/2012 0:00,81,68,54,0,3,
3/15/2012 0:00,81,66,51,T,3,
3/16/2012 0:00,81,65,48,0,2,Thunderstorm
3/17/2012 0:00,80,69,58,0,4,
3/18/2012 0:00,81,71,61,0,5,
3/19/2012 0:00,79,72,64,T,6,Rain
3/20/2012 0:00,85,76,66,0,3,
3/21/2012 0:00,86,76,66,0,4,
3/22/2012 0:00,84,73,62,0.04,5,Rain-Thunderstorm
3/23/2012 0:00,63,58,53,0.89,8,Rain-Thunderstorm
3/24/2012 0:00,60,55,50,0.01,8,Fog
3/25/2012 0:00,67,56,44,0,6,
3/26/2012 0:00,47,43,38,0,6,
3/27/2012 0:00,72,56,39,0,6,
3/28/2012 0:00,68,57,46,0,1,
3/29/2012 0:00,48,44,40,0,4,
3/30/2012 0:00,54,47,40,0.25,8,Rain-Thunderstorm
3/31/2012 0:00,46,43,39,0,7,
4/1/2012 0:00,61,53,45,0.2,7,Rain-Thunderstorm
4/2/2012 0:00,61,54,47,0,1,
4/3/2012 0:00,70,59,48,0,4,
4/4/2012 0:00,57,52,46,0,5,
4/5/2012 0:00,49,44,39,0,5,
4/6/2012 0:00,52,45,38,0,0,
4/7/2012 0:00,66,52,38,T,5,Rain
4/8/2012 0:00,65,55,45,0,3,
4/9/2012 0:00,62,52,42,T,2,Rain
4/10/2012 0:00,45,40,35,0,3,
4/11/2012 0:00,52,42,31,0,1,
4/12/2012 0:00,62,49,35,0,2,
4/13/2012 0:00,66,56,45,T,7,
4/14/2012 0:00,65,58,51,0.87,8,Rain-Thunderstorm
4/15/2012 0:00,76,68,59,0.82,8,Rain-Thunderstorm
4/16/2012 0:00,66,55,43,0.02,6,Rain
4/17/2012 0:00,53,47,41,0,2,
4/18/2012 0:00,72,58,43,0.04,4,Rain
4/19/2012 0:00,61,53,45,T,6,
4/20/2012 0:00,50,46,41,0.02,8,Rain
4/21/2012 0:00,51,44,36,0,5,
4/22/2012 0:00,51,47,42,0,6,
4/23/2012 0:00,58,47,36,0,1,
4/24/2012 0:00,64,51,38,0,4,
4/25/2012 0:00,62,56,50,0.05,7,Rain
4/26/2012 0:00,55,47,39,0,3,
4/27/2012 0:00,52,46,39,T,5,Rain
4/28/2012 0:00,50,47,44,0.2,7,Rain
4/29/2012 0:00,58,51,44,0.11,7,Rain
4/30/2012 0:00,63,57,51,0.39,8,Rain
5/1/2012 0:00,64,58,52,0.32,8,Rain
5/2/2012 0:00,78,69,60,T,6,Rain
5/3/2012 0:00,86,78,69,0.07,6,Rain-Thunderstorm
5/4/2012 0:00,72,62,51,0.27,7,Rain-Thunderstorm
5/5/2012 0:00,63,58,53,0,7,
5/6/2012 0:00,73,64,54,0.4,7,Rain-Thunderstorm
5/7/2012 0:00,61,58,54,0.04,8,Fog-Rain-Thunderstorm
5/8/2012 0:00,70,61,51,0,4,Fog
5/9/2012 0:00,60,53,46,T,3,Rain
5/10/2012 0:00,65,55,45,0,0,
5/11/2012 0:00,78,63,48,0,2,
5/12/2012 0:00,67,59,51,0.25,8,Rain-Thunderstorm
5/13/2012 0:00,69,61,53,0,3,
5/14/2012 0:00,78,62,46,0,1,
5/15/2012 0:00,84,70,56,T,3,Rain-Thunderstorm
5/16/2012 0:00,63,58,52,0,3,
5/17/2012 0:00,71,60,49,0,2,
5/18/2012 0:00,85,71,57,0,2,
5/19/2012 0:00,91,78,64,0,2,
5/20/2012 0:00,92,79,65,0.14,5,Rain-Thunderstorm
5/21/2012 0:00,65,60,54,0,5,
5/22/2012 0:00,68,59,49,0,1,
5/23/2012 0:00,82,66,49,0,4,
5/24/2012 0:00,90,78,65,0,4,
5/25/2012 0:00,80,74,67,0,5,
5/26/2012 0:00,82,73,63,0,6,
5/27/2012 0:00,97,85,73,0,4,
5/28/2012 0:00,94,84,74,0.02,5,
5/29/2012 0:00,85,75,64,T,4,Rain
5/30/2012 0:00,69,61,53,0,3,
5/31/2012 0:00,55,52,49,0.97,8,Rain
6/1/2012 0:00,64,57,49,0.03,7,Rain
6/2/2012 0:00,74,62,49,0,2,
6/3/2012 0:00,80,68,56,T,4,
6/4/2012 0:00,74,67,59,0,3,
6/5/2012 0:00,69,63,57,0,1,
6/6/2012 0:00,74,65,56,0,1,
6/7/2012 0:00,78,66,54,0,1,
6/8/2012 0:00,87,73,59,0,3,
6/9/2012 0:00,89,78,66,0,1,
6/10/2012 0:00,92,82,71,0,3,
6/11/2012 0:00,90,81,72,0,5,
6/12/2012 0:00,77,70,62,0,1,
6/13/2012 0:00,71,64,57,0,5,
6/14/2012 0:00,86,73,60,0,4,
6/15/2012 0:00,93,80,67,0,4,
6/16/2012 0:00,94,82,69,0.16,7,Rain-Thunderstorm
6/17/2012 0:00,85,77,68,0.15,5,Rain
6/18/2012 0:00,92,82,72,0,5,
6/19/2012 0:00,94,85,75,0,2,
6/20/2012 0:00,93,85,76,0,1,
6/21/2012 0:00,83,77,70,0.03,4,Rain
6/22/2012 0:00,83,73,63,0,2,
6/23/2012 0:00,86,75,63,0,6,
6/24/2012 0:00,92,82,71,0,6,
6/25/2012 0:00,74,69,64,0,2,
6/26/2012 0:00,81,72,63,0,1,
6/27/2012 0:00,90,77,64,0,1,
6/28/2012 0:00,101,89,77,0.16,4,Rain-Thunderstorm
6/29/2012 0:00,88,79,70,0.28,6,Rain-Thunderstorm
6/30/2012 0:00,89,80,70,T,5,Rain-Thunderstorm
7/1/2012 0:00,90,78,66,0.56,4,Rain-Thunderstorm
7/2/2012 0:00,97,86,74,0,3,
7/3/2012 0:00,95,86,77,0,4,
7/4/2012 0:00,101,91,80,0,1,
7/5/2012 0:00,102,91,79,T,3,Rain-Thunderstorm
7/6/2012 0:00,104,94,83,0,1,
7/7/2012 0:00,98,86,74,0,5,
7/8/2012 0:00,85,80,75,0,4,
7/9/2012 0:00,88,78,68,0,3,
7/10/2012 0:00,82,77,71,0,5,
7/11/2012 0:00,86,78,69,0,2,
7/12/2012 0:00,90,81,71,0,3,
7/13/2012 0:00,93,83,73,T,5,Rain-Thunderstorm
7/14/2012 0:00,89,80,71,T,4,Rain-Thunderstorm
7/15/2012 0:00,95,83,70,0,2,
7/16/2012 0:00,98,88,77,0,3,
7/17/2012 0:00,99,90,80,0,2,
7/18/2012 0:00,91,81,71,0.55,6,Rain-Thunderstorm
7/19/2012 0:00,85,78,70,1.24,8,Rain-Thunderstorm
7/20/2012 0:00,82,76,69,T,5,Rain
7/21/2012 0:00,89,79,69,0,5,
7/22/2012 0:00,90,83,75,0.01,6,
7/23/2012 0:00,98,90,81,0.01,6,
7/24/2012 0:00,88,80,71,0.37,7,Rain-Thunderstorm
7/25/2012 0:00,101,88,74,0,4,
7/26/2012 0:00,89,81,72,0.07,6,Rain-Thunderstorm
7/27/2012 0:00,87,79,70,0.01,4,
7/28/2012 0:00,83,77,71,0,3,
7/29/2012 0:00,88,78,68,0,5,
7/30/2012 0:00,93,84,74,0,4,
7/31/2012 0:00,86,79,71,0.17,5,Rain-Thunderstorm
8/1/2012 0:00,89,80,71,0,2,
8/2/2012 0:00,93,82,71,0,5,
8/3/2012 0:00,94,84,74,0,1,
8/4/2012 0:00,95,84,72,1.02,5,Fog-Rain-Thunderstorm
8/5/2012 0:00,85,78,70,0,3,
8/6/2012 0:00,86,77,67,0,0,
8/7/2012 0:00,94,81,67,0,1,
8/8/2012 0:00,84,80,75,0.01,6,Rain
8/9/2012 0:00,77,72,66,T,7,Rain-Thunderstorm
8/10/2012 0:00,76,69,62,0.4,7,Rain-Thunderstorm
8/11/2012 0:00,79,69,58,0,2,
8/12/2012 0:00,77,69,61,0,6,
8/13/2012 0:00,72,68,63,0.34,8,Rain
8/14/2012 0:00,82,71,59,T,2,
8/15/2012 0:00,86,77,67,T,4,
8/16/2012 0:00,76,70,64,0.31,7,Rain-Thunderstorm
8/17/2012 0:00,77,68,59,0,2,
8/18/2012 0:00,78,68,57,0,5,
8/19/2012 0:00,79,70,61,0,6,
8/20/2012 0:00,76,68,60,0.53,5,Rain-Thunderstorm
8/21/2012 0:00,79,69,58,0,1,
8/22/2012 0:00,84,71,58,0,1,
8/23/2012 0:00,91,80,69,0,5,
8/24/2012 0:00,93,82,71,0,3,
8/25/2012 0:00,94,83,71,0,3,
8/26/2012 0:00,81,75,68,3.66,7,Rain-Thunderstorm
8/27/2012 0:00,88,79,69,0,4,
8/28/2012 0:00,85,75,65,0,2,
8/29/2012 0:00,84,77,70,0,1,
8/30/2012 0:00,91,80,69,0,0,
8/31/2012 0:00,93,83,72,0,4,
9/1/2012 0:00,78,76,73,0.25,8,Rain
9/2/2012 0:00,81,78,75,0,7,
9/3/2012 0:00,87,80,73,0,2,
9/4/2012 0:00,89,79,68,0.33,5,Rain-Thunderstorm
9/5/2012 0:00,86,76,66,0.18,6,Rain-Thunderstorm
9/6/2012 0:00,86,78,70,0,1,
9/7/2012 0:00,78,70,61,0.2,7,Rain
9/8/2012 0:00,73,65,56,0.23,3,Rain
9/9/2012 0:00,72,64,56,0,4,
9/10/2012 0:00,77,66,54,0,2,
9/11/2012 0:00,84,72,59,0,2,
9/12/2012 0:00,87,75,63,0,2,
9/13/2012 0:00,72,64,56,0.13,7,Rain
9/14/2012 0:00,75,65,54,T,5,
9/15/2012 0:00,79,67,55,0,2,
9/16/2012 0:00,78,67,56,0,3,
9/17/2012 0:00,79,69,59,0.17,5,Rain-Thunderstorm
9/18/2012 0:00,64,57,50,0,4,
9/19/2012 0:00,74,61,47,0,3,
9/20/2012 0:00,72,64,56,0,6,
9/21/2012 0:00,61,57,52,0.13,7,Rain
9/22/2012 0:00,60,54,47,0.01,4,Rain
9/23/2012 0:00,62,53,43,0,2,
9/24/2012 0:00,71,57,42,0,1,
9/25/2012 0:00,77,66,54,0,4,
9/26/2012 0:00,69,63,57,0,6,
9/27/2012 0:00,68,59,49,0,4,
9/28/2012 0:00,67,60,52,0,3,
9/29/2012 0:00,79,64,49,0,2,
9/30/2012 0:00,67,60,52,0,4,
10/1/2012 0:00,66,58,50,0,8,
10/2/2012 0:00,69,64,59,0,6,
10/3/2012 0:00,69,65,61,0.03,8,Rain
10/4/2012 0:00,81,66,51,0.1,5,Rain
10/5/2012 0:00,51,47,42,T,6,Rain
10/6/2012 0:00,50,43,35,0,5,
10/7/2012 0:00,51,45,38,0,4,
10/8/2012 0:00,60,48,36,0,2,
10/9/2012 0:00,67,55,43,0.18,7,Rain
10/10/2012 0:00,52,45,38,0,3,
10/11/2012 0:00,67,53,39,T,4,Rain
10/12/2012 0:00,53,47,41,T,3,
10/13/2012 0:00,68,58,47,0.48,8,Rain
10/14/2012 0:00,72,61,49,0.54,8,Rain-Thunderstorm
10/15/2012 0:00,60,53,46,0,5,
10/16/2012 0:00,70,57,44,0,4,
10/17/2012 0:00,69,62,55,0.43,7,Rain
10/18/2012 0:00,55,50,45,0.13,7,Rain
10/19/2012 0:00,53,49,44,0.15,8,Rain
10/20/2012 0:00,58,50,41,0,3,
10/21/2012 0:00,70,56,42,0,1,
10/22/2012 0:00,67,62,56,0.28,7,Rain
10/23/2012 0:00,69,64,59,0.03,8,Rain
10/24/2012 0:00,79,70,61,0,4,
10/25/2012 0:00,77,61,45,0.45,6,Rain-Thunderstorm
10/26/2012 0:00,51,45,38,0,5,
10/27/2012 0:00,48,42,36,0,4,
10/28/2012 0:00,50,45,40,T,6,Rain
10/29/2012 0:00,51,45,38,0,4,
10/30/2012 0:00,47,44,40,0,7,
10/31/2012 0:00,49,42,35,0,6,
11/1/2012 0:00,53,44,35,0,5,
11/2/2012 0:00,50,43,35,0,4,
11/3/2012 0:00,45,42,38,0,7,
11/4/2012 0:00,50,43,35,0,5,
11/5/2012 0:00,43,38,33,0,6,
11/6/2012 0:00,42,37,31,0.11,7,Rain
11/7/2012 0:00,48,44,40,0.01,8,Rain
11/8/2012 0:00,46,43,40,0,6,
11/9/2012 0:00,58,48,38,0,5,
11/10/2012 0:00,68,61,54,0.36,6,Rain-Thunderstorm
11/11/2012 0:00,70,56,42,0.29,7,Rain
11/12/2012 0:00,42,36,30,0.03,6,Rain-Snow
11/13/2012 0:00,41,34,26,0,1,
11/14/2012 0:00,45,38,31,0,4,
11/15/2012 0:00,48,40,31,0,5,
11/16/2012 0:00,54,43,32,0,0,
11/17/2012 0:00,54,43,31,0,3,
11/18/2012 0:00,57,46,35,0,5,
11/19/2012 0:00,59,51,42,0.04,8,Rain
11/20/2012 0:00,58,50,42,T,6,
11/21/2012 0:00,55,46,37,0,2,Fog
11/22/2012 0:00,63,54,45,0.17,5,Rain
11/23/2012 0:00,45,37,29,0,6,
11/24/2012 0:00,33,30,26,0,7,
11/25/2012 0:00,45,38,30,0,6,
11/26/2012 0:00,37,32,26,0,6,
11/27/2012 0:00,35,28,20,0,4,
11/28/2012 0:00,45,37,28,0,3,
11/29/2012 0:00,52,43,33,0,5,
11/30/2012 0:00,53,47,41,0,6,
12/1/2012 0:00,60,49,37,0,6,
12/2/2012 0:00,66,57,47,0.01,7,Rain
12/3/2012 0:00,72,60,47,T,7,Fog-Rain
12/4/2012 0:00,62,52,42,T,5,
12/5/2012 0:00,42,36,30,0,4,
12/6/2012 0:00,47,41,34,T,8,
12/7/2012 0:00,46,45,43,0.08,8,Rain
12/8/2012 0:00,43,41,39,0.09,8,Rain
12/9/2012 0:00,42,40,37,0.16,8,Rain
12/10/2012 0:00,39,35,31,T,7,Snow
12/11/2012 0:00,36,31,25,T,3,Snow
12/12/2012 0:00,45,36,27,0,1,
12/13/2012 0:00,49,41,33,0,3,
12/14/2012 0:00,50,41,31,0,4,
12/15/2012 0:00,51,47,42,0.21,8,Rain
12/16/2012 0:00,51,45,39,T,8,
12/17/2012 0:00,41,38,34,0,8,
12/18/2012 0:00,42,37,32,T,8,Rain
12/19/2012 0:00,43,39,34,0.04,8,Rain
12/20/2012 0:00,50,42,33,1.12,8,Rain-Snow
12/21/2012 0:00,33,27,21,T,5,Snow
12/22/2012 0:00,33,26,18,0,3,
12/23/2012 0:00,36,29,22,0,6,
12/24/2012 0:00,35,33,30,T,8,Snow
12/25/2012 0:00,34,31,28,T,8,Snow
12/26/2012 0:00,33,31,29,T,8,Snow
12/27/2012 0:00,33,31,29,T,8,Snow
12/28/2012 0:00,33,32,31,T,8,Snow
12/29/2012 0:00,32,27,22,T,8,Snow
12/30/2012 0:00,34,25,16,0,4,
12/31/2012 0:00,36,29,22,0,8,
1/1/2013 0:00,27,20,13,0,3,
1/2/2013 0:00,30,21,11,0,2,
1/3/2013 0:00,30,25,19,T,7,Snow
1/4/2013 0:00,37,26,14,0,0,
1/5/2013 0:00,39,31,23,0.01,6,Snow
1/6/2013 0:00,37,30,22,0,5,
1/7/2013 0:00,39,30,20,0,4,
1/8/2013 0:00,42,35,28,0,6,
1/9/2013 0:00,51,40,29,0,3,
1/10/2013 0:00,46,36,25,0.52,8,Rain
1/11/2013 0:00,54,50,45,0.12,8,Rain
1/12/2013 0:00,53,43,32,0.08,8,Rain
1/13/2013 0:00,32,28,23,0.03,7,Rain-Snow
1/14/2013 0:00,26,19,12,0,2,
1/15/2013 0:00,31,24,16,0,2,
1/16/2013 0:00,37,28,18,T,4,
1/17/2013 0:00,32,27,21,0,2,
1/18/2013 0:00,42,31,20,0,5,
1/19/2013 0:00,48,38,28,0,3,
1/20/2013 0:00,28,21,14,0,5,
1/21/2013 0:00,15,10,4,T,4,Snow
1/22/2013 0:00,12,6,0,T,5,Snow
1/23/2013 0:00,20,15,10,T,8,Snow
1/24/2013 0:00,21,14,6,T,7,Snow
1/25/2013 0:00,29,24,19,0.05,8,Snow
1/26/2013 0:00,29,21,12,T,3,Snow
1/27/2013 0:00,38,32,25,0.27,8,Rain-Snow-Thunderstorm
1/28/2013 0:00,51,45,38,0.14,8,Fog-Rain
1/29/2013 0:00,61,51,41,0.99,8,Fog-Rain-Thunderstorm
1/30/2013 0:00,48,35,21,0.26,8,Rain-Snow
1/31/2013 0:00,21,13,5,T,8,Snow
2/1/2013 0:00,16,9,1,T,4,Snow
2/2/2013 0:00,25,17,9,0.05,8,Snow
2/3/2013 0:00,23,17,11,T,7,Snow
2/4/2013 0:00,29,23,17,0.06,8,Snow
2/5/2013 0:00,31,22,13,T,8,Snow
2/6/2013 0:00,37,28,19,0,5,
2/7/2013 0:00,36,34,32,0.57,8,Fog-Rain-Snow
2/8/2013 0:00,33,29,25,T,8,Snow
2/9/2013 0:00,35,31,27,0,6,
2/10/2013 0:00,50,42,34,0.22,8,Rain
2/11/2013 0:00,46,38,30,0,8,
2/12/2013 0:00,30,28,25,0,7,
2/13/2013 0:00,46,35,24,0,3,
2/14/2013 0:00,40,36,32,0,7,
2/15/2013 0:00,34,28,21,T,6,Snow
2/16/2013 0:00,22,18,13,0,3,
2/17/2013 0:00,31,21,10,0,3,
2/18/2013 0:00,53,41,29,0.24,8,Rain-Snow
2/19/2013 0:00,32,22,12,T,7,Snow
2/20/2013 0:00,26,18,9,T,3,Snow
2/21/2013 0:00,32,27,21,0.05,8,Snow
2/22/2013 0:00,35,30,24,0.06,8,Fog-Snow
2/23/2013 0:00,28,26,23,T,7,Snow
2/24/2013 0:00,39,28,17,0,1,
2/25/2013 0:00,42,33,23,0,3,
2/26/2013 0:00,36,35,33,0.39,8,Fog-Rain-Snow
2/27/2013 0:00,35,34,33,0.05,8,Snow
2/28/2013 0:00,36,32,28,0.01,8,Snow
3/1/2013 0:00,32,30,27,T,8,Snow
3/2/2013 0:00,32,26,20,T,6,Snow
3/3/2013 0:00,35,26,16,0,1,
3/4/2013 0:00,34,28,22,T,7,Snow
3/5/2013 0:00,33,31,29,0.08,8,Fog-Snow
3/6/2013 0:00,35,32,28,T,8,Snow
3/7/2013 0:00,41,36,30,T,7,Snow
3/8/2013 0:00,40,33,26,0,2,
3/9/2013 0:00,48,40,32,0.02,8,Rain
3/10/2013 0:00,55,49,42,1,8,Rain
3/11/2013 0:00,49,41,33,0.06,8,Rain-Snow
3/12/2013 0:00,37,32,27,T,7,Snow
3/13/2013 0:00,34,29,23,T,4,Snow
3/14/2013 0:00,37,30,23,T,5,Snow
3/15/2013 0:00,43,37,31,0.16,8,Rain
3/16/2013 0:00,36,34,31,T,8,Snow
3/17/2013 0:00,36,32,28,0,7,
3/18/2013 0:00,36,29,22,0.02,8,Rain-Snow
3/19/2013 0:00,34,26,18,T,3,Snow
3/20/2013 0:00,26,21,15,T,3,Snow
3/21/2013 0:00,35,25,15,0,1,
3/22/2013 0:00,41,30,19,0,1,
3/23/2013 0:00,41,33,25,0,6,
3/24/2013 0:00,37,35,32,T,8,Snow
3/25/2013 0:00,39,36,32,T,8,Snow
3/26/2013 0:00,43,37,31,T,6,
3/27/2013 0:00,43,37,30,0,6,
3/28/2013 0:00,51,39,27,0,2,
3/29/2013 0:00,54,43,32,0,2,
3/30/2013 0:00,59,46,32,T,6,
3/31/2013 0:00,60,49,37,T,6,Rain
4/1/2013 0:00,41,36,30,0,1,
4/2/2013 0:00,46,36,25,0,1,
4/3/2013 0:00,43,35,26,0,3,
4/4/2013 0:00,58,44,30,0,2,
4/5/2013 0:00,48,42,36,0,4,
4/6/2013 0:00,70,53,36,0.08,8,Rain-Thunderstorm
4/7/2013 0:00,60,50,40,0,5,
4/8/2013 0:00,68,54,40,0.41,6,Rain-Thunderstorm
4/9/2013 0:00,60,50,40,0.18,8,Rain-Thunderstorm
4/10/2013 0:00,42,40,38,1.15,8,Rain-Thunderstorm
4/11/2013 0:00,50,45,39,0.13,8,Rain
4/12/2013 0:00,47,42,37,0.02,8,Rain
4/13/2013 0:00,46,40,34,0.01,7,Snow
4/14/2013 0:00,70,55,39,T,6,Rain
4/15/2013 0:00,65,56,46,0.32,8,Rain
4/16/2013 0:00,56,49,42,T,6,
4/17/2013 0:00,52,48,43,1.87,8,Rain-Thunderstorm
4/18/2013 0:00,63,52,40,1.67,8,Rain-Thunderstorm
4/19/2013 0:00,40,37,33,T,8,Snow
4/20/2013 0:00,46,38,30,T,3,Snow
4/21/2013 0:00,54,44,33,0,3,
4/22/2013 0:00,67,55,42,0,4,
4/23/2013 0:00,60,49,38,0.52,8,Rain
4/24/2013 0:00,51,44,37,0.01,6,Rain
4/25/2013 0:00,51,46,41,0.01,5,Rain
4/26/2013 0:00,68,54,40,0,4,
4/27/2013 0:00,68,57,46,T,4,
4/28/2013 0:00,63,58,52,0.06,7,Rain
4/29/2013 0:00,74,63,52,0,5,
4/30/2013 0:00,86,73,60,0,5,
5/1/2013 0:00,85,74,63,0,1,
5/2/2013 0:00,71,57,42,0,5,
5/3/2013 0:00,50,45,40,0.02,8,Rain
5/4/2013 0:00,72,61,49,T,7,
5/5/2013 0:00,70,60,49,0,6,
5/6/2013 0:00,70,61,51,0,7,
5/7/2013 0:00,76,63,49,0,4,
5/8/2013 0:00,77,64,51,0,3,
5/9/2013 0:00,76,63,50,0.63,7,Rain
5/10/2013 0:00,50,47,44,0.04,8,Rain
5/11/2013 0:00,62,53,44,0,6,
5/12/2013 0:00,55,47,38,0,3,
5/13/2013 0:00,61,50,38,0,3,
5/14/2013 0:00,90,74,57,0,2,
5/15/2013 0:00,83,73,62,T,5,
5/16/2013 0:00,81,69,57,0,3,
5/17/2013 0:00,73,66,58,T,8,
5/18/2013 0:00,79,69,59,0,4,
5/19/2013 0:00,87,75,62,0,5,
5/20/2013 0:00,92,79,65,1.25,6,Rain-Thunderstorm
5/21/2013 0:00,82,74,65,0.2,6,Rain-Thunderstorm
5/22/2013 0:00,73,65,56,0.65,7,Fog-Rain
5/23/2013 0:00,56,50,43,0.12,6,Rain
5/24/2013 0:00,57,50,42,0,1,
5/25/2013 0:00,57,52,46,0,7,
5/26/2013 0:00,67,57,46,T,7,Rain
5/27/2013 0:00,65,61,56,0.19,8,Rain-Thunderstorm
5/28/2013 0:00,76,68,59,2.2,8,Rain-Thunderstorm
5/29/2013 0:00,85,75,65,0.02,6,Rain
5/30/2013 0:00,84,75,65,0.09,6,Rain-Thunderstorm
5/31/2013 0:00,78,72,65,0.23,7,Rain
6/1/2013 0:00,76,70,63,0.44,7,Rain-Thunderstorm
6/2/2013 0:00,63,55,47,0.01,6,Rain
6/3/2013 0:00,68,56,43,0,1,
6/4/2013 0:00,72,61,50,0,5,
6/5/2013 0:00,76,66,56,T,7,Rain
6/6/2013 0:00,65,60,54,0.06,6,Rain
6/7/2013 0:00,68,61,54,0,3,
6/8/2013 0:00,74,62,50,0,5,
6/9/2013 0:00,83,71,58,0.01,7,Rain
6/10/2013 0:00,75,68,61,0.85,6,Fog-Rain-Thunderstorm
6/11/2013 0:00,84,72,60,0.24,4,Fog-Rain-Thunderstorm
6/12/2013 0:00,87,76,64,0.25,7,Rain-Thunderstorm
6/13/2013 0:00,72,66,59,0,4,
6/14/2013 0:00,76,67,57,0,2,
6/15/2013 0:00,81,71,61,0.12,7,Rain-Thunderstorm
6/16/2013 0:00,83,76,69,0,5,
6/17/2013 0:00,88,75,62,0.1,6,Rain-Thunderstorm
6/18/2013 0:00,70,64,57,0.01,5,Rain
6/19/2013 0:00,75,66,57,0,1,
6/20/2013 0:00,86,74,62,0,4,
6/21/2013 0:00,85,78,70,0.11,7,Rain-Thunderstorm
6/22/2013 0:00,83,77,70,0,7,
6/23/2013 0:00,89,79,69,T,7,Rain-Thunderstorm
6/24/2013 0:00,86,77,68,0.14,8,Rain-Thunderstorm
6/25/2013 0:00,87,79,70,T,8,Rain-Thunderstorm
6/26/2013 0:00,81,75,68,0.19,7,Rain-Thunderstorm
6/27/2013 0:00,91,79,66,0.59,4,Fog-Rain-Thunderstorm
6/28/2013 0:00,83,76,68,0.16,4,Rain-Thunderstorm
6/29/2013 0:00,72,68,64,T,7,Rain
6/30/2013 0:00,76,70,64,0,5,
7/1/2013 0:00,75,68,61,0,5,
7/2/2013 0:00,68,65,62,T,7,Rain
7/3/2013 0:00,74,68,62,0.07,7,Rain-Thunderstorm
7/4/2013 0:00,83,72,61,0,5,
7/5/2013 0:00,87,75,63,0,3,
7/6/2013 0:00,82,77,71,0,7,
7/7/2013 0:00,89,80,70,0,6,
7/8/2013 0:00,87,79,71,0.84,7,Rain-Thunderstorm
7/9/2013 0:00,85,80,75,0.01,5,Rain
7/10/2013 0:00,87,77,66,0,3,
7/11/2013 0:00,80,72,63,0,1,
7/12/2013 0:00,82,71,60,0,1,
7/13/2013 0:00,83,75,67,0,1,
7/14/2013 0:00,88,81,73,0,1,
7/15/2013 0:00,91,83,75,0.02,4,Rain
7/16/2013 0:00,93,85,77,0.01,2,
7/17/2013 0:00,95,86,77,0,2,
7/18/2013 0:00,96,88,79,0,2,Thunderstorm
7/19/2013 0:00,97,86,75,0,3,Thunderstorm
7/20/2013 0:00,88,80,72,0.01,5,Rain
7/21/2013 0:00,89,81,72,0,6,
7/22/2013 0:00,90,81,72,T,5,
7/23/2013 0:00,80,73,65,0,5,Rain-Thunderstorm
7/24/2013 0:00,73,68,62,0,3,
7/25/2013 0:00,81,70,58,0,3,
7/26/2013 0:00,74,70,65,0.01,8,Rain
7/27/2013 0:00,68,63,57,0,6,
7/28/2013 0:00,71,63,55,T,5,Rain
7/29/2013 0:00,76,67,58,0,5,
7/30/2013 0:00,74,68,61,T,7,Rain
7/31/2013 0:00,75,70,64,0.18,7,Rain-Thunderstorm
8/1/2013 0:00,82,72,61,0,3,
8/2/2013 0:00,86,76,65,0.41,7,Rain-Thunderstorm
8/3/2013 0:00,79,73,66,0,4,
8/4/2013 0:00,74,67,60,T,5,Rain
8/5/2013 0:00,76,70,63,0.02,7,Rain
8/6/2013 0:00,85,77,68,0,6,
8/7/2013 0:00,91,81,70,0.01,5,
8/8/2013 0:00,79,74,69,0,5,
8/9/2013 0:00,84,73,62,0,6,
8/10/2013 0:00,81,75,68,0,4,
8/11/2013 0:00,84,74,63,T,4,
8/12/2013 0:00,85,77,69,0.66,6,Rain
8/13/2013 0:00,71,67,62,0,4,
8/14/2013 0:00,71,65,58,0,4,
8/15/2013 0:00,74,66,57,0,6,
8/16/2013 0:00,82,70,58,0,2,
8/17/2013 0:00,79,70,60,0,2,
8/18/2013 0:00,81,72,62,0,1,
8/19/2013 0:00,86,75,63,0,3,
8/20/2013 0:00,88,78,68,0,4,
8/21/2013 0:00,91,81,70,0.05,4,Rain-Thunderstorm
8/22/2013 0:00,78,73,67,0.36,7,Rain
8/23/2013 0:00,81,73,64,0,1,
8/24/2013 0:00,86,75,64,0,1,
8/25/2013 0:00,89,79,68,0,1,
8/26/2013 0:00,92,81,70,0,4,
8/27/2013 0:00,96,87,77,0,5,
8/28/2013 0:00,83,77,71,0,6,
8/29/2013 0:00,87,78,69,0,3,Fog
8/30/2013 0:00,96,83,69,0.47,4,Rain-Thunderstorm
8/31/2013 0:00,77,74,70,0.96,7,Fog-Rain-Hail-Thunderstorm
9/1/2013 0:00,84,76,68,0.02,5,Rain-Thunderstorm
9/2/2013 0:00,77,70,62,0,4,
9/3/2013 0:00,76,67,58,0,3,
9/4/2013 0:00,84,72,59,0,3,
9/5/2013 0:00,74,70,65,0,4,
9/6/2013 0:00,85,74,62,0,4,
9/7/2013 0:00,87,78,68,0,4,
9/8/2013 0:00,78,75,71,0,6,
9/9/2013 0:00,94,82,69,0,2,
9/10/2013 0:00,96,87,78,0,0,
9/11/2013 0:00,92,84,75,T,5,
9/12/2013 0:00,83,73,63,0.06,5,
9/13/2013 0:00,67,61,54,T,3,
9/14/2013 0:00,72,62,51,0,4,
9/15/2013 0:00,62,60,58,0.24,8,Rain
9/16/2013 0:00,64,60,55,T,6,
9/17/2013 0:00,70,62,53,T,6,
9/18/2013 0:00,82,72,62,0.51,7,Rain-Thunderstorm
9/19/2013 0:00,84,77,70,T,6,Rain
9/20/2013 0:00,77,68,59,0.02,8,Rain-Thunderstorm
9/21/2013 0:00,67,59,51,0,2,
9/22/2013 0:00,67,58,49,0,2,
9/23/2013 0:00,67,59,50,0,1,
9/24/2013 0:00,70,61,52,0,1,
9/25/2013 0:00,71,64,56,0,1,
9/26/2013 0:00,75,65,55,0,0,
9/27/2013 0:00,80,69,57,0,1,
9/28/2013 0:00,85,72,58,0.02,5,
9/29/2013 0:00,68,61,53,0.22,4,Rain
9/30/2013 0:00,76,63,50,0,2,
10/1/2013 0:00,79,71,62,0,4,
10/2/2013 0:00,77,71,64,0,4,
10/3/2013 0:00,78,71,64,0.8,7,Fog-Rain-Thunderstorm
10/4/2013 0:00,76,71,66,0,7,
10/5/2013 0:00,81,73,65,0.68,7,Rain-Thunderstorm
10/6/2013 0:00,67,58,48,0.06,6,Rain
10/7/2013 0:00,67,56,45,0,5,
10/8/2013 0:00,76,63,49,0,0,
10/9/2013 0:00,70,61,52,0,0,
10/10/2013 0:00,75,63,51,0,2,
10/11/2013 0:00,77,67,56,0,2,
10/12/2013 0:00,73,63,53,0.01,3,
10/13/2013 0:00,65,56,46,0,0,
10/14/2013 0:00,62,54,45,0,3,
10/15/2013 0:00,65,58,51,0.09,7,Rain
10/16/2013 0:00,54,51,47,T,7,
10/17/2013 0:00,53,49,44,0.17,7,Rain
10/18/2013 0:00,50,46,42,0,6,
10/19/2013 0:00,54,49,43,0.01,7,Rain
10/20/2013 0:00,65,53,41,0.02,5,Rain
10/21/2013 0:00,55,46,36,0.03,5,Rain
10/22/2013 0:00,41,36,31,0.03,6,Rain
10/23/2013 0:00,46,39,32,T,4,Rain
10/24/2013 0:00,44,39,34,0,6,
10/25/2013 0:00,51,40,29,0,3,
10/26/2013 0:00,55,47,38,0,5,
10/27/2013 0:00,55,44,32,0,3,
10/28/2013 0:00,54,45,36,0,4,
10/29/2013 0:00,57,50,43,T,6,Rain
10/30/2013 0:00,64,56,47,1.16,7,Rain
10/31/2013 0:00,65,56,47,2.03,8,Rain
11/1/2013 0:00,49,47,44,0.08,8,Rain
11/2/2013 0:00,48,44,39,0.02,7,Rain
11/3/2013 0:00,52,43,34,0,4,
11/4/2013 0:00,57,51,44,0,7,
11/5/2013 0:00,56,54,51,0.02,8,Rain
11/6/2013 0:00,57,47,37,0.92,7,Rain
11/7/2013 0:00,45,38,31,0,3,
11/8/2013 0:00,48,39,29,0,4,
11/9/2013 0:00,59,51,43,0,3,
11/10/2013 0:00,49,42,35,0,3,
11/11/2013 0:00,48,37,26,0.1,8,Fog-Rain-Snow
11/12/2013 0:00,34,29,23,0,1,
11/13/2013 0:00,40,30,20,0,2,
11/14/2013 0:00,50,41,31,0,4,
11/15/2013 0:00,49,44,38,0,5,
11/16/2013 0:00,61,52,43,0.3,8,Rain
11/17/2013 0:00,69,56,43,0.77,7,Rain-Thunderstorm
11/18/2013 0:00,43,37,31,0,3,
11/19/2013 0:00,41,34,26,0,3,
11/20/2013 0:00,44,38,31,0.16,6,Rain
11/21/2013 0:00,51,46,41,0.05,8,Rain
11/22/2013 0:00,44,36,28,0.03,6,Rain
11/23/2013 0:00,29,23,16,0,2,
11/24/2013 0:00,27,20,12,0,1,
11/25/2013 0:00,32,27,22,0,8,Snow
11/26/2013 0:00,36,27,18,T,8,Snow
11/27/2013 0:00,29,22,14,0,3,
11/28/2013 0:00,34,29,23,0,4,
11/29/2013 0:00,37,28,18,0,5,
11/30/2013 0:00,51,41,31,0,3,
12/1/2013 0:00,44,37,30,0,6,
12/2/2013 0:00,43,38,33,0.09,8,Rain
12/3/2013 0:00,51,44,37,T,8,Rain
12/4/2013 0:00,57,50,42,T,8,Rain
12/5/2013 0:00,42,32,22,0,8,
12/6/2013 0:00,22,18,14,0,5,
12/7/2013 0:00,21,15,9,0,2,
12/8/2013 0:00,26,21,16,0.1,8,Snow
12/9/2013 0:00,26,15,3,T,7,Snow
12/10/2013 0:00,22,12,1,T,5,Snow
12/11/2013 0:00,21,12,2,0.01,5,Snow
12/12/2013 0:00,20,9,-3,0,5,
12/13/2013 0:00,31,23,15,0.04,7,Snow
12/14/2013 0:00,30,27,23,0.1,8,Fog-Snow
12/15/2013 0:00,24,18,12,T,7,Snow
12/16/2013 0:00,22,17,12,0.01,8,Snow
12/17/2013 0:00,33,25,16,T,6,Snow
12/18/2013 0:00,34,25,16,0,4,
12/19/2013 0:00,43,39,34,0.05,7,Rain
12/20/2013 0:00,37,36,34,0.13,8,Fog-Rain
12/21/2013 0:00,36,34,32,0.26,8,Fog-Rain
12/22/2013 0:00,35,31,26,0.05,8,Rain-Snow
12/23/2013 0:00,27,14,0,T,5,Snow
12/24/2013 0:00,19,9,-1,T,5,Snow
12/25/2013 0:00,27,23,19,0.02,8,Snow
12/26/2013 0:00,36,26,15,T,7,Snow
12/27/2013 0:00,44,35,26,0,5,
12/28/2013 0:00,51,43,34,0,2,
12/29/2013 0:00,39,26,12,T,8,Snow
12/30/2013 0:00,15,9,3,T,6,Snow
12/31/2013 0:00,14,9,4,0.08,6,Snow
1/1/2014 0:00,24,19,14,0.02,8,Fog-Snow
1/2/2014 0:00,22,14,5,0.01,7,Fog-Snow
1/3/2014 0:00,20,9,-2,0,3,
1/4/2014 0:00,33,27,20,0.08,6,Fog-Snow
1/5/2014 0:00,31,15,-1,0.02,8,Fog-Snow
1/6/2014 0:00,-1,-8,-15,0,3,
1/7/2014 0:00,5,-3,-11,0,3,
1/8/2014 0:00,15,7,-2,0,4,
1/9/2014 0:00,29,16,2,T,7,Snow
1/10/2014 0:00,42,36,29,0.86,8,Fog-Rain-Snow-Thunderstorm
1/11/2014 0:00,41,36,31,0.07,8,Fog-Rain
1/12/2014 0:00,44,37,29,0,7,
1/13/2014 0:00,47,38,28,0,4,
1/14/2014 0:00,35,29,22,T,6,Snow
1/15/2014 0:00,22,19,16,T,5,Snow
1/16/2014 0:00,35,28,20,T,8,Snow
1/17/2014 0:00,21,17,13,T,8,Snow
1/18/2014 0:00,21,16,11,0.04,7,Fog-Snow
1/19/2014 0:00,39,25,11,0,5,
1/20/2014 0:00,37,29,20,T,8,Fog-Snow
1/21/2014 0:00,20,11,1,0,4,Snow
1/22/2014 0:00,15,8,1,T,7,Snow
1/23/2014 0:00,11,4,-3,0,1,
1/24/2014 0:00,28,11,-6,T,7,Snow
1/25/2014 0:00,33,20,7,0.01,5,Snow
1/26/2014 0:00,32,19,6,0.1,8,Fog-Snow
1/27/2014 0:00,6,0,-7,0,2,Snow
1/28/2014 0:00,4,-3,-11,0,0,
1/29/2014 0:00,22,12,1,0,0,
1/30/2014 0:00,33,26,19,T,7,Fog-Snow
1/31/2014 0:00,28,24,19,0.02,8,Snow
2/1/2014 0:00,32,28,23,0.2,8,Fog-Snow
2/2/2014 0:00,23,15,7,0,6,
2/3/2014 0:00,22,12,1,0,2,
2/4/2014 0:00,25,18,10,0.02,8,Snow
2/5/2014 0:00,25,17,9,0.02,7,Snow
2/6/2014 0:00,12,6,-1,T,3,Snow
2/7/2014 0:00,11,4,-3,0,3,
2/8/2014 0:00,17,12,6,0.07,8,Fog-Snow
2/9/2014 0:00,20,14,7,T,4,Snow
2/10/2014 0:00,13,6,-2,0,0,
2/11/2014 0:00,15,6,-4,0,0,
2/12/2014 0:00,23,13,2,0,5,
2/13/2014 0:00,30,23,15,T,7,Snow
2/14/2014 0:00,22,18,13,T,6,Snow
2/15/2014 0:00,24,15,6,0.01,6,Snow
2/16/2014 0:00,28,23,18,T,7,Snow
2/17/2014 0:00,29,26,22,0.38,8,Fog-Snow
2/18/2014 0:00,45,34,23,0,4,
2/19/2014 0:00,45,39,32,0,4,
2/20/2014 0:00,51,43,35,0.77,8,Fog-Rain-Thunderstorm
2/21/2014 0:00,37,33,28,T,5,Snow
2/22/2014 0:00,35,29,23,0,4,
2/23/2014 0:00,29,23,16,0,4,
2/24/2014 0:00,25,19,13,0,4,
2/25/2014 0:00,24,16,7,T,4,Snow
2/26/2014 0:00,19,10,1,0,2,
2/27/2014 0:00,19,13,6,T,2,Snow
2/28/2014 0:00,32,19,6,0,5,
3/1/2014 0:00,32,22,12,0.03,8,Fog-Snow
3/2/2014 0:00,16,11,5,0.01,8,Snow
3/3/2014 0:00,20,11,1,T,5,Snow
3/4/2014 0:00,27,20,12,T,6,Snow
3/5/2014 0:00,24,22,20,0.01,8,Snow
3/6/2014 0:00,32,24,16,0,3,
3/7/2014 0:00,46,33,20,T,5,
3/8/2014 0:00,39,31,23,0.01,7,Snow
3/9/2014 0:00,42,32,21,0,5,
3/10/2014 0:00,54,48,41,0,7,
3/11/2014 0:00,51,42,33,0.37,8,Rain-Snow
3/12/2014 0:00,34,26,18,0.13,5,Fog-Snow
3/13/2014 0:00,39,26,14,0,2,
3/14/2014 0:00,54,46,38,0,2,
3/15/2014 0:00,40,34,28,T,6,Snow
3/16/2014 0:00,29,24,19,T,6,Snow
3/17/2014 0:00,39,30,20,0,2,
3/18/2014 0:00,51,41,30,0,5,
3/19/2014 0:00,47,41,35,0.39,8,Rain
3/20/2014 0:00,48,40,31,T,5,Snow
3/21/2014 0:00,58,46,33,T,4,Rain-Snow
3/22/2014 0:00,42,36,29,T,7,
3/23/2014 0:00,30,26,21,T,4,Snow
3/24/2014 0:00,37,29,20,0,3,
3/25/2014 0:00,31,26,21,T,5,Snow
3/26/2014 0:00,39,28,17,0,3,
3/27/2014 0:00,54,45,35,0.12,8,Rain-Thunderstorm
3/28/2014 0:00,55,45,34,0.04,8,Rain
3/29/2014 0:00,41,35,28,0,6,
3/30/2014 0:00,57,41,25,0,2,
3/31/2014 0:00,68,56,44,0.03,6,Rain-Thunderstorm
4/1/2014 0:00,57,46,34,0,5,
4/2/2014 0:00,45,41,36,T,7,Rain
4/3/2014 0:00,42,40,37,1.08,8,Rain-Thunderstorm
4/4/2014 0:00,46,41,35,0.01,8,Fog-Rain
4/5/2014 0:00,49,41,33,0,3,
4/6/2014 0:00,56,46,36,0,4,
4/7/2014 0:00,55,46,37,0,7,
4/8/2014 0:00,57,49,40,0.02,6,Rain
4/9/2014 0:00,63,50,36,0,3,
4/10/2014 0:00,64,54,44,0,6,
4/11/2014 0:00,70,56,41,0,4,
4/12/2014 0:00,80,66,52,0,7,
4/13/2014 0:00,72,59,46,0.45,8,Rain
4/14/2014 0:00,64,48,31,0.16,8,Rain-Snow
4/15/2014 0:00,38,33,27,T,4,Snow
4/16/2014 0:00,52,42,31,0,4,
4/17/2014 0:00,63,53,43,0,7,
4/18/2014 0:00,51,45,39,0,2,
4/19/2014 0:00,64,51,38,0,4,
4/20/2014 0:00,78,63,47,0,5,
4/21/2014 0:00,78,69,59,0.51,7,Rain-Thunderstorm
4/22/2014 0:00,60,50,40,0,1,
4/23/2014 0:00,51,44,37,0.02,4,Rain
4/24/2014 0:00,64,53,41,0.01,8,Rain
4/25/2014 0:00,69,58,47,0.24,6,Rain
4/26/2014 0:00,60,50,40,0.01,4,Rain
4/27/2014 0:00,61,52,42,0.03,8,Rain-Thunderstorm
4/28/2014 0:00,58,53,47,0.48,8,Rain-Thunderstorm
4/29/2014 0:00,67,59,50,0.11,8,Rain-Thunderstorm
4/30/2014 0:00,53,50,46,0.12,8,Rain
5/1/2014 0:00,50,47,43,0.09,8,Rain
5/2/2014 0:00,55,51,47,0.04,8,Rain
5/3/2014 0:00,68,59,49,0,5,
5/4/2014 0:00,61,54,47,0,6,
5/5/2014 0:00,59,52,45,0.01,7,Rain-Thunderstorm
5/6/2014 0:00,63,54,45,0,5,
5/7/2014 0:00,80,66,52,T,6,Rain-Thunderstorm
5/8/2014 0:00,93,81,68,0,6,
5/9/2014 0:00,76,67,57,1.43,6,Rain-Thunderstorm
5/10/2014 0:00,77,65,52,0,4,
5/11/2014 0:00,85,74,63,0.41,7,Rain-Thunderstorm
5/12/2014 0:00,86,76,65,0.03,7,Rain-Thunderstorm
5/13/2014 0:00,70,62,54,0.14,8,Rain
5/14/2014 0:00,57,51,44,0.06,8,Rain
5/15/2014 0:00,57,50,42,0.26,7,Rain
5/16/2014 0:00,45,43,41,0.08,8,Rain
5/17/2014 0:00,61,51,41,0,5,
5/18/2014 0:00,70,59,48,0,3,
5/19/2014 0:00,71,62,53,T,7,Rain
5/20/2014 0:00,87,75,63,0.64,5,Rain-Thunderstorm
5/21/2014 0:00,89,79,68,0.01,4,
5/22/2014 0:00,69,62,54,0,3,
5/23/2014 0:00,68,60,51,0,3,
5/24/2014 0:00,74,62,50,0,5,
5/25/2014 0:00,85,70,54,0,4,
5/26/2014 0:00,90,79,67,0.08,7,Rain-Thunderstorm
5/27/2014 0:00,85,73,61,0.5,7,Rain-Thunderstorm
5/28/2014 0:00,73,66,58,0.68,7,Rain-Thunderstorm
5/29/2014 0:00,77,67,57,0,4,
5/30/2014 0:00,79,68,57,0,1,
5/31/2014 0:00,89,75,60,0,2,
6/1/2014 0:00,92,81,69,T,5,
6/2/2014 0:00,85,77,69,0.2,5,Rain-Thunderstorm
6/3/2014 0:00,82,76,70,0,2,
6/4/2014 0:00,72,65,58,0.12,7,Rain
6/5/2014 0:00,75,66,56,0,2,
6/6/2014 0:00,82,68,54,0,1,
6/7/2014 0:00,85,74,62,0.12,6,Rain
6/8/2014 0:00,70,63,55,0.21,7,Rain
6/9/2014 0:00,79,68,56,0,5,
6/10/2014 0:00,70,65,59,0.45,8,Rain
6/11/2014 0:00,69,66,62,0.2,8,Rain
6/12/2014 0:00,82,73,63,0.01,7,Rain
6/13/2014 0:00,75,66,57,0,2,
6/14/2014 0:00,80,69,57,0,5,
6/15/2014 0:00,86,75,64,T,6,
6/16/2014 0:00,90,80,69,0,4,Thunderstorm
6/17/2014 0:00,93,86,79,0,6,
6/18/2014 0:00,85,74,63,0.8,8,Rain-Thunderstorm
6/19/2014 0:00,82,71,60,0.39,8,Rain-Thunderstorm
6/20/2014 0:00,86,76,66,0.03,7,Fog-Rain
6/21/2014 0:00,85,74,63,0.73,7,Rain-Thunderstorm
6/22/2014 0:00,82,74,66,0,7,
6/23/2014 0:00,84,77,69,0.16,7,Rain
6/24/2014 0:00,85,78,70,1.15,7,Rain-Thunderstorm
6/25/2014 0:00,79,71,62,0.02,6,Rain-Thunderstorm
6/26/2014 0:00,77,69,60,0,6,
6/27/2014 0:00,91,77,62,0,5,
6/28/2014 0:00,88,82,75,0.16,5,Rain-Thunderstorm
6/29/2014 0:00,88,80,71,0.04,6,Rain
6/30/2014 0:00,88,78,68,2.06,8,Fog-Rain-Thunderstorm
7/1/2014 0:00,84,76,68,0.04,6,Rain-Thunderstorm
7/2/2014 0:00,74,66,58,0.12,7,Rain
7/3/2014 0:00,75,66,57,0.05,4,Rain
7/4/2014 0:00,79,70,60,0,2,
7/5/2014 0:00,79,71,63,0.01,7,Rain
7/6/2014 0:00,89,78,66,0,6,
7/7/2014 0:00,89,81,72,0.48,6,Rain-Thunderstorm
7/8/2014 0:00,84,77,70,0.48,5,Rain
7/9/2014 0:00,81,73,64,0,2,
7/10/2014 0:00,78,71,63,0,1,
7/11/2014 0:00,83,73,63,T,5,
7/12/2014 0:00,81,76,70,3.31,8,Fog-Rain-Thunderstorm
7/13/2014 0:00,86,79,71,0.04,6,Rain-Thunderstorm
7/14/2014 0:00,81,73,64,0.37,4,Rain
7/15/2014 0:00,71,64,57,0.05,5,Rain
7/16/2014 0:00,73,65,56,0,3,
7/17/2014 0:00,78,68,58,0,3,
7/18/2014 0:00,81,73,64,0,4,
7/19/2014 0:00,80,71,62,0,3,
7/20/2014 0:00,84,75,66,0,5,
7/21/2014 0:00,87,78,68,0,0,
7/22/2014 0:00,91,82,72,0.19,3,Rain-Thunderstorm
7/23/2014 0:00,76,70,64,0,3,Rain-Thunderstorm
7/24/2014 0:00,75,68,60,0,2,
7/25/2014 0:00,77,69,60,T,6,
7/26/2014 0:00,85,78,70,0,7,
7/27/2014 0:00,89,78,66,0.04,4,
7/28/2014 0:00,73,68,62,0,3,
7/29/2014 0:00,81,71,60,0,3,
7/30/2014 0:00,80,71,61,0,3,
7/31/2014 0:00,85,74,63,0,1,
8/1/2014 0:00,83,75,67,0.21,5,Rain-Thunderstorm
8/2/2014 0:00,84,74,63,0,1,
8/3/2014 0:00,87,77,66,0,3,
8/4/2014 0:00,88,78,68,1.79,6,Rain-Thunderstorm
8/5/2014 0:00,80,74,68,0.07,7,Rain-Thunderstorm
8/6/2014 0:00,81,73,65,0,7,
8/7/2014 0:00,81,75,69,0,6,
8/8/2014 0:00,82,76,70,0,4,
8/9/2014 0:00,80,74,68,0,4,
8/10/2014 0:00,82,77,71,0,6,
8/11/2014 0:00,84,76,68,1.16,7,Rain-Thunderstorm
8/12/2014 0:00,70,67,63,0.16,7,Rain
8/13/2014 0:00,83,71,59,0,3,
8/14/2014 0:00,73,67,61,0,4,
8/15/2014 0:00,79,67,55,0,2,
8/16/2014 0:00,81,73,64,0,4,
8/17/2014 0:00,72,69,66,0,7,
8/18/2014 0:00,85,76,67,0,5,
8/19/2014 0:00,86,80,73,0.13,5,Rain-Thunderstorm
8/20/2014 0:00,87,78,68,0,4,
8/21/2014 0:00,83,77,71,1.29,8,Rain-Thunderstorm
8/22/2014 0:00,87,81,74,3.17,7,Rain-Thunderstorm
8/23/2014 0:00,87,79,71,0.5,7,Rain-Thunderstorm
8/24/2014 0:00,89,81,73,0,5,
8/25/2014 0:00,92,83,73,0.78,6,Fog-Rain-Thunderstorm
8/26/2014 0:00,86,79,72,0,5,Rain-Thunderstorm
8/27/2014 0:00,81,76,70,0,6,
8/28/2014 0:00,77,73,69,0.02,5,Rain
8/29/2014 0:00,88,81,73,0,7,
8/30/2014 0:00,86,80,74,T,6,
8/31/2014 0:00,87,79,71,0,4,
9/1/2014 0:00,85,80,74,T,6,
9/2/2014 0:00,85,77,69,0,5,
9/3/2014 0:00,85,76,67,0,1,
9/4/2014 0:00,87,80,73,0.22,6,Rain-Thunderstorm
9/5/2014 0:00,89,78,67,0.43,5,Rain-Thunderstorm
9/6/2014 0:00,76,69,62,0,4,
9/7/2014 0:00,79,69,58,0,1,
9/8/2014 0:00,79,70,60,0,4,
9/9/2014 0:00,81,74,66,0.01,7,Rain
9/10/2014 0:00,82,70,58,1.61,8,Rain
9/11/2014 0:00,58,55,52,0,8,
9/12/2014 0:00,57,52,46,0.1,8,Rain
9/13/2014 0:00,60,51,42,0.01,4,
9/14/2014 0:00,67,57,46,0,2,
9/15/2014 0:00,62,58,54,T,7,Rain
9/16/2014 0:00,69,58,47,0,1,
9/17/2014 0:00,72,61,49,0,2,
9/18/2014 0:00,72,63,53,0,2,
9/19/2014 0:00,76,67,57,0,2,
9/20/2014 0:00,80,72,63,0.12,6,Rain
9/21/2014 0:00,70,61,52,T,5,Rain-Thunderstorm
9/22/2014 0:00,69,59,48,0,1,
9/23/2014 0:00,76,63,50,0,1,
9/24/2014 0:00,77,66,54,0,4,
9/25/2014 0:00,78,68,58,0,6,
9/26/2014 0:00,81,70,59,0,1,
9/27/2014 0:00,79,70,61,0,5,
9/28/2014 0:00,79,69,58,0,3,
9/29/2014 0:00,84,71,57,T,3,Rain
9/30/2014 0:00,61,56,51,T,7,Rain
10/1/2014 0:00,73,63,52,T,5,
10/2/2014 0:00,75,71,66,0.71,8,Rain-Thunderstorm
10/3/2014 0:00,68,57,46,1.05,8,Rain
10/4/2014 0:00,49,43,37,0.05,6,Rain-Snow
10/5/2014 0:00,56,49,42,T,6,Rain
10/6/2014 0:00,63,56,48,0.01,4,
10/7/2014 0:00,69,59,49,0,4,
10/8/2014 0:00,67,58,48,0,2,
10/9/2014 0:00,64,57,50,0,5,
10/10/2014 0:00,59,52,44,0,7,
10/11/2014 0:00,60,50,40,0,2,
10/12/2014 0:00,64,55,45,0.01,4,
10/13/2014 0:00,71,65,59,0.44,8,Rain-Thunderstorm
10/14/2014 0:00,67,61,54,1.18,8,Rain
10/15/2014 0:00,58,56,53,0.07,8,Rain
10/16/2014 0:00,58,56,53,T,8,Rain
10/17/2014 0:00,63,56,49,0.01,6,
10/18/2014 0:00,52,46,39,0.02,6,Rain
10/19/2014 0:00,57,47,36,0,6,
10/20/2014 0:00,66,58,50,0,4,
10/21/2014 0:00,54,52,49,0,8,
10/22/2014 0:00,56,50,43,0,2,
10/23/2014 0:00,62,52,41,T,5,
10/24/2014 0:00,68,61,54,0,7,
10/25/2014 0:00,75,64,52,0,3,
10/26/2014 0:00,66,55,44,0,2,
10/27/2014 0:00,79,67,54,0.02,6,Rain
10/28/2014 0:00,66,57,48,0.03,5,Rain
10/29/2014 0:00,49,45,40,0,6,
10/30/2014 0:00,53,45,37,T,6,
10/31/2014 0:00,49,42,34,0.04,8,Rain-Snow
11/1/2014 0:00,44,39,33,T,4,Snow
11/2/2014 0:00,53,41,29,0,5,
11/3/2014 0:00,64,55,45,0,6,
11/4/2014 0:00,61,53,45,0.02,8,Rain
11/5/2014 0:00,63,51,39,T,5,Rain
11/6/2014 0:00,52,46,40,T,8,
11/7/2014 0:00,45,41,37,0,7,
11/8/2014 0:00,49,44,39,T,7,
11/9/2014 0:00,53,45,36,0,7,
11/10/2014 0:00,65,55,44,0,7,
11/11/2014 0:00,61,47,33,0.23,8,Rain
11/12/2014 0:00,33,30,27,T,7,Snow
11/13/2014 0:00,31,29,26,T,8,Snow
11/14/2014 0:00,29,27,24,T,8,Snow
11/15/2014 0:00,33,27,21,T,6,Snow
11/16/2014 0:00,33,29,25,T,8,Snow
11/17/2014 0:00,25,19,13,T,5,Snow
11/18/2014 0:00,21,17,12,T,6,Snow
11/19/2014 0:00,33,26,19,T,7,Snow
11/20/2014 0:00,30,24,17,0,0,
11/21/2014 0:00,36,25,13,T,3,Rain
11/22/2014 0:00,54,44,34,0.05,8,Rain
11/23/2014 0:00,54,52,50,0.62,8,Rain
11/24/2014 0:00,51,39,27,0.35,8,Fog-Rain-Snow
11/25/2014 0:00,30,26,22,T,6,Snow
11/26/2014 0:00,32,27,22,T,7,Snow
11/27/2014 0:00,30,25,19,T,7,Snow
11/28/2014 0:00,36,28,20,T,8,Snow
11/29/2014 0:00,54,44,33,0,5,
11/30/2014 0:00,56,43,29,T,7,
12/1/2014 0:00,29,25,21,T,8,Snow
12/2/2014 0:00,33,28,22,T,6,Snow
12/3/2014 0:00,39,33,26,0,3,
12/4/2014 0:00,37,31,25,0,7,
12/5/2014 0:00,41,38,35,0,8,
12/6/2014 0:00,43,39,34,0,6,
12/7/2014 0:00,39,35,30,0,7,
12/8/2014 0:00,39,37,35,0.1,8,Rain
12/9/2014 0:00,40,37,33,0.02,8,Rain-Snow
12/10/2014 0:00,36,34,31,T,8,Snow
12/11/2014 0:00,34,30,26,0,4,
12/12/2014 0:00,39,32,25,T,7,Fog-Snow
12/13/2014 0:00,49,43,37,0,8,
12/14/2014 0:00,53,50,47,T,8,Rain
12/15/2014 0:00,48,46,43,0.12,8,Rain
12/16/2014 0:00,47,40,32,0.02,8,Fog-Rain-Snow
12/17/2014 0:00,32,29,26,T,8,Snow
12/18/2014 0:00,31,28,25,T,8,Snow
12/19/2014 0:00,34,32,29,T,8,Snow
12/20/2014 0:00,35,34,32,T,8,Snow
12/21/2014 0:00,38,36,34,0,8,
12/22/2014 0:00,44,38,31,0.28,8,Rain
12/23/2014 0:00,50,46,42,0.12,7,Rain
12/24/2014 0:00,43,41,38,0.12,8,Rain
12/25/2014 0:00,44,40,35,0,7,
12/26/2014 0:00,51,45,38,0,5,
12/27/2014 0:00,50,41,32,T,8,Rain
12/28/2014 0:00,36,31,26,0,4,
12/29/2014 0:00,35,30,24,0,5,
12/30/2014 0:00,24,19,13,0,2,
12/31/2014 0:00,20,13,6,0,1,
1/1/2015 0:00,32,25,17,0,3,
1/2/2015 0:00,36,28,20,0,5,
1/3/2015 0:00,37,34,31,0.55,8,Rain-Snow
1/4/2015 0:00,36,21,5,0.1,7,Rain-Snow
1/5/2015 0:00,10,5,-1,0.11,5,Snow
1/6/2015 0:00,12,9,5,T,6,Snow
1/7/2015 0:00,8,2,-4,0,1,
1/8/2015 0:00,20,7,-7,0.05,7,Snow
1/9/2015 0:00,16,10,3,T,4,Snow
1/10/2015 0:00,26,13,0,0,5,
1/11/2015 0:00,34,30,25,0.12,8,Snow
1/12/2015 0:00,30,25,19,0.03,7,Snow
1/13/2015 0:00,23,18,13,T,5,Snow
1/14/2015 0:00,21,13,5,0,5,
1/15/2015 0:00,36,27,17,0,4,
1/16/2015 0:00,35,29,22,0,4,
1/17/2015 0:00,44,37,30,0,7,
1/18/2015 0:00,43,37,31,0,5,
1/19/2015 0:00,43,35,27,T,4,Rain-Snow
1/20/2015 0:00,40,37,33,0.01,8,
1/21/2015 0:00,36,34,31,T,8,Snow
1/22/2015 0:00,34,32,30,0,8,
1/23/2015 0:00,34,32,30,0,7,
1/24/2015 0:00,45,39,32,0,7,
1/25/2015 0:00,38,32,26,0.06,8,Rain-Snow
1/26/2015 0:00,29,25,21,0.04,7,Snow
1/27/2015 0:00,33,29,24,T,6,Snow
1/28/2015 0:00,36,30,24,0.03,6,Rain
1/29/2015 0:00,39,35,31,T,8,Snow
1/30/2015 0:00,32,28,23,T,3,Snow
1/31/2015 0:00,39,31,23,0.13,7,Rain-Snow
2/1/2015 0:00,33,27,21,0.12,8,Fog-Snow
2/2/2015 0:00,22,16,9,T,5,Fog-Snow
2/3/2015 0:00,30,19,8,0.05,7,Fog-Snow
2/4/2015 0:00,30,21,12,T,7,Snow
2/5/2015 0:00,17,10,3,0,2,
2/6/2015 0:00,32,24,15,0,6,
2/7/2015 0:00,44,35,25,0,6,
2/8/2015 0:00,42,37,31,T,8,Rain
2/9/2015 0:00,31,29,26,T,8,Snow
2/10/2015 0:00,33,29,25,T,6,Snow
2/11/2015 0:00,38,30,21,T,7,Snow
2/12/2015 0:00,21,16,11,T,5,Snow
2/13/2015 0:00,29,18,7,T,6,Snow
2/14/2015 0:00,29,17,4,T,6,Snow
2/15/2015 0:00,17,9,0,T,6,Snow
2/16/2015 0:00,19,14,8,0,7,
2/17/2015 0:00,22,17,11,T,7,Snow
2/18/2015 0:00,11,6,0,T,5,Snow
2/19/2015 0:00,7,1,-5,0,1,
2/20/2015 0:00,20,10,-1,T,7,Snow
2/21/2015 0:00,33,26,19,0,8,
2/22/2015 0:00,30,19,7,0,5,
2/23/2015 0:00,15,8,0,0,1,
2/24/2015 0:00,32,19,6,T,5,Snow
2/25/2015 0:00,28,22,16,0.06,6,Fog-Snow
2/26/2015 0:00,22,15,7,0.01,7,Snow
2/27/2015 0:00,17,9,0,0,0,
2/28/2015 0:00,23,12,1,T,4,Snow
3/1/2015 0:00,27,23,18,0.01,6,Snow
3/2/2015 0:00,34,25,16,0,4,
3/3/2015 0:00,37,32,27,0.1,8,Rain-Snow
3/4/2015 0:00,33,24,14,0,6,
3/5/2015 0:00,19,14,8,0,2,
3/6/2015 0:00,27,17,6,0,3,
3/7/2015 0:00,46,36,26,0,3,
3/8/2015 0:00,42,37,31,T,6,Snow
3/9/2015 0:00,52,40,28,0,2,
3/10/2015 0:00,54,46,38,0,6,Fog
3/11/2015 0:00,54,45,36,0,1,Fog
3/12/2015 0:00,58,46,33,0,2,
3/13/2015 0:00,65,53,41,0,7,
3/14/2015 0:00,62,51,40,0,5,
3/15/2015 0:00,64,49,34,0,4,
3/16/2015 0:00,74,59,44,0,6,
3/17/2015 0:00,44,38,31,0,5,
3/18/2015 0:00,50,40,30,0,7,
3/19/2015 0:00,50,46,41,0,8,
3/20/2015 0:00,52,46,39,0,7,
3/21/2015 0:00,50,43,35,0,3,
3/22/2015 0:00,37,34,30,T,6,Snow
3/23/2015 0:00,32,31,30,0.15,8,Fog-Snow
3/24/2015 0:00,40,33,25,0.04,6,Rain
3/25/2015 0:00,43,41,38,0.13,8,Rain
3/26/2015 0:00,46,40,34,T,7,Snow
3/27/2015 0:00,34,30,25,0.01,5,Snow
3/28/2015 0:00,37,29,21,0,0,
3/29/2015 0:00,51,40,28,0.04,6,Rain
3/30/2015 0:00,64,51,37,0,4,
3/31/2015 0:00,57,49,41,0,4,
4/1/2015 0:00,74,58,41,0,2,
4/2/2015 0:00,68,59,50,0.27,7,Rain-Thunderstorm
4/3/2015 0:00,57,45,33,T,6,
4/4/2015 0:00,61,46,31,0,1,
4/5/2015 0:00,69,58,47,0,4,
4/6/2015 0:00,64,53,41,0.07,7,Rain
4/7/2015 0:00,49,45,40,0.04,8,Rain
4/8/2015 0:00,54,49,43,0.08,8,Fog-Rain-Thunderstorm
4/9/2015 0:00,74,60,46,0.95,8,Rain-Thunderstorm
4/10/2015 0:00,65,54,42,T,5,
4/11/2015 0:00,64,52,39,0,0,
4/12/2015 0:00,71,59,47,0,6,
4/13/2015 0:00,69,61,53,0.14,7,Rain
4/14/2015 0:00,67,57,46,0,6,
4/15/2015 0:00,67,56,44,0,4,
4/16/2015 0:00,64,56,47,0.34,7,Rain
4/17/2015 0:00,80,65,49,0,3,
4/18/2015 0:00,68,59,50,0,6,
4/19/2015 0:00,69,60,51,0.42,7,Rain
4/20/2015 0:00,56,50,43,T,7,Rain
4/21/2015 0:00,58,50,41,0,3,
4/22/2015 0:00,49,43,37,T,5,
4/23/2015 0:00,56,45,34,0,0,
4/24/2015 0:00,60,48,35,0.29,5,Rain
4/25/2015 0:00,49,45,40,0.34,8,Rain
4/26/2015 0:00,57,48,39,0,1,
4/27/2015 0:00,56,50,43,0,1,
4/28/2015 0:00,60,49,38,0,3,
4/29/2015 0:00,64,53,42,T,4,Rain
4/30/2015 0:00,52,47,42,0,4,
5/1/2015 0:00,65,53,40,0,3,
5/2/2015 0:00,79,66,53,0,4,
5/3/2015 0:00,82,71,60,0.2,6,Rain
5/4/2015 0:00,74,66,57,T,7,Rain-Thunderstorm
5/5/2015 0:00,60,56,51,0.79,8,Rain-Thunderstorm
5/6/2015 0:00,82,67,51,0,6,Fog
5/7/2015 0:00,87,72,57,0,4,
5/8/2015 0:00,84,75,66,0.28,7,Rain-Thunderstorm
5/9/2015 0:00,67,58,49,0.38,8,Rain
5/10/2015 0:00,58,53,47,0.16,8,Rain
5/11/2015 0:00,71,61,50,0.14,7,Rain
5/12/2015 0:00,58,53,47,T,7,Rain
5/13/2015 0:00,53,49,45,0,3,
5/14/2015 0:00,69,58,46,0.13,8,Rain
5/15/2015 0:00,79,70,60,0.03,7,Rain
5/16/2015 0:00,82,75,67,T,7,Rain
5/17/2015 0:00,84,77,69,T,7,
5/18/2015 0:00,81,66,51,0,4,
5/19/2015 0:00,54,49,44,0,7,
5/20/2015 0:00,51,47,43,0.02,8,Rain
5/21/2015 0:00,70,59,47,T,4,Rain
5/22/2015 0:00,68,59,50,0,3,
5/23/2015 0:00,83,68,53,0,4,
5/24/2015 0:00,76,69,62,0.44,7,Rain
5/25/2015 0:00,81,75,68,0.06,6,Rain
5/26/2015 0:00,77,73,69,0.42,6,Rain
5/27/2015 0:00,77,71,64,0.06,4,Rain
5/28/2015 0:00,84,72,60,0,4,
5/29/2015 0:00,84,78,71,0.18,6,Rain
5/30/2015 0:00,73,59,45,0.79,8,Rain
5/31/2015 0:00,57,51,44,0.05,8,Rain
6/1/2015 0:00,62,55,48,0,5,
6/2/2015 0:00,71,58,45,0,2,
6/3/2015 0:00,79,67,55,0,5,
6/4/2015 0:00,82,72,62,0,5,
6/5/2015 0:00,73,65,56,0,6,
6/6/2015 0:00,73,64,54,0,6,
6/7/2015 0:00,83,72,60,0.44,7,Rain
6/8/2015 0:00,86,75,63,0.1,6,Rain-Thunderstorm
6/9/2015 0:00,87,74,61,0,5,
6/10/2015 0:00,94,83,71,0.09,4,Rain-Thunderstorm
6/11/2015 0:00,79,72,65,0.2,8,Rain-Thunderstorm
6/12/2015 0:00,74,66,58,0.17,8,Rain-Thunderstorm
6/13/2015 0:00,88,73,58,0.19,7,Fog-Rain-Thunderstorm
6/14/2015 0:00,85,78,70,0.98,7,Rain-Thunderstorm
6/15/2015 0:00,83,77,71,0.24,7,Fog-Rain-Thunderstorm-Tornado
6/16/2015 0:00,74,67,60,T,7,Rain
6/17/2015 0:00,72,65,58,0.33,8,Rain
6/18/2015 0:00,82,71,59,0.48,8,Fog-Rain-Thunderstorm
6/19/2015 0:00,68,63,57,0,6,
6/20/2015 0:00,82,70,57,0.22,7,Rain-Thunderstorm
6/21/2015 0:00,87,79,70,T,6,Rain
6/22/2015 0:00,85,79,72,0.04,7,Rain-Thunderstorm
6/23/2015 0:00,81,74,67,0,3,
6/24/2015 0:00,79,73,66,0,6,
6/25/2015 0:00,83,74,65,0.16,8,Rain-Thunderstorm
6/26/2015 0:00,70,66,61,0.7,8,Rain
6/27/2015 0:00,77,68,59,T,4,Rain
6/28/2015 0:00,81,70,58,T,5,Rain
6/29/2015 0:00,75,71,66,0.03,7,Rain
6/30/2015 0:00,80,71,61,0,5,
7/1/2015 0:00,68,63,58,0,7,
7/2/2015 0:00,71,64,56,0,6,
7/3/2015 0:00,77,69,61,0,7,
7/4/2015 0:00,84,73,62,0,1,
7/5/2015 0:00,85,75,65,0,1,
7/6/2015 0:00,88,80,71,0.56,6,Rain-Thunderstorm
7/7/2015 0:00,74,67,59,0.25,6,Rain
7/8/2015 0:00,68,64,59,T,8,Rain
7/9/2015 0:00,74,68,61,0.04,7,Rain
7/10/2015 0:00,82,73,63,0,5,
7/11/2015 0:00,81,73,65,0.03,7,Rain
7/12/2015 0:00,83,76,69,0.06,6,Rain
7/13/2015 0:00,88,79,70,0.66,7,Rain-Thunderstorm
7/14/2015 0:00,84,74,64,0,4,
7/15/2015 0:00,76,69,62,0,6,
7/16/2015 0:00,79,71,63,0.52,8,Rain-Thunderstorm
7/17/2015 0:00,93,84,74,0.03,5,Rain-Thunderstorm
7/18/2015 0:00,93,85,76,0.03,5,Rain-Thunderstorm
7/19/2015 0:00,88,80,72,0,5,
7/20/2015 0:00,89,79,68,0,5,
7/21/2015 0:00,82,76,70,0,2,
7/22/2015 0:00,84,76,67,0,6,
7/23/2015 0:00,86,77,67,0,1,
7/24/2015 0:00,87,78,69,0,3,
7/25/2015 0:00,92,83,73,0,5,
7/26/2015 0:00,82,77,71,T,6,Rain
7/27/2015 0:00,90,81,71,0,4,
7/28/2015 0:00,94,84,74,0,5,
7/29/2015 0:00,90,82,74,0.07,5,Rain-Thunderstorm
7/30/2015 0:00,90,80,69,0,0,
7/31/2015 0:00,90,80,70,T,1,
8/1/2015 0:00,89,78,66,0,2,
8/2/2015 0:00,95,82,68,1.06,4,Rain-Thunderstorm
8/3/2015 0:00,84,76,68,0,3,
8/4/2015 0:00,84,74,64,0,4,
8/5/2015 0:00,83,74,65,0,6,
8/6/2015 0:00,84,77,70,0,5,
8/7/2015 0:00,85,77,68,0,4,
8/8/2015 0:00,85,78,71,0,6,
8/9/2015 0:00,83,77,70,T,7,Rain
8/10/2015 0:00,86,79,71,0.25,6,Rain-Thunderstorm
8/11/2015 0:00,82,75,68,0,2,
8/12/2015 0:00,79,72,65,0,2,
8/13/2015 0:00,86,77,67,0,5,
8/14/2015 0:00,90,81,71,0.17,7,Rain-Thunderstorm
8/15/2015 0:00,90,80,70,0.17,4,Rain-Thunderstorm
8/16/2015 0:00,91,82,72,0,1,
8/17/2015 0:00,90,81,72,0.41,4,Rain-Thunderstorm
8/18/2015 0:00,84,77,70,0.94,7,Rain-Thunderstorm
8/19/2015 0:00,79,72,64,T,7,Rain
8/20/2015 0:00,76,69,61,0,5,
8/21/2015 0:00,84,72,60,0,1,
8/22/2015 0:00,83,75,66,0,3,
8/23/2015 0:00,79,72,65,0.09,6,Rain
8/24/2015 0:00,76,67,57,0,3,
8/25/2015 0:00,73,68,62,0,7,
8/26/2015 0:00,67,63,59,0,7,
8/27/2015 0:00,75,66,56,0,4,
8/28/2015 0:00,76,69,62,T,6,
8/29/2015 0:00,76,71,66,0.37,8,Rain
8/30/2015 0:00,78,72,66,0,6,
8/31/2015 0:00,87,76,65,0,1,
9/1/2015 0:00,89,82,74,0,1,
9/2/2015 0:00,92,83,73,0,4,
9/3/2015 0:00,93,84,74,T,4,
9/4/2015 0:00,87,80,72,0,3,
9/5/2015 0:00,87,80,73,0.02,5,Thunderstorm
9/6/2015 0:00,94,84,74,0,2,
9/7/2015 0:00,90,84,77,T,7,
9/8/2015 0:00,88,79,70,0.91,8,Fog-Rain-Thunderstorm
9/9/2015 0:00,78,70,62,0,5,
9/10/2015 0:00,77,68,59,0.2,5,Rain-Thunderstorm
9/11/2015 0:00,69,63,57,0.23,6,Rain
9/12/2015 0:00,66,60,53,0.16,4,Rain
9/13/2015 0:00,71,61,50,0,2,
9/14/2015 0:00,83,70,56,0,1,
9/15/2015 0:00,84,75,65,0,3,
9/16/2015 0:00,84,73,61,0,1,
9/17/2015 0:00,87,77,66,0.26,5,Rain-Thunderstorm
9/18/2015 0:00,79,73,67,3.15,8,Rain-Thunderstorm
9/19/2015 0:00,71,64,57,0.04,6,Rain-Thunderstorm
9/20/2015 0:00,72,63,53,0,2,
9/21/2015 0:00,73,65,56,0,0,
9/22/2015 0:00,81,69,57,0,2,
9/23/2015 0:00,80,71,61,0,4,
9/24/2015 0:00,78,70,62,0,7,
9/25/2015 0:00,76,70,64,0,6,
9/26/2015 0:00,76,69,61,0,5,
9/27/2015 0:00,76,72,67,T,7,Rain
9/28/2015 0:00,81,74,67,0,7,
9/29/2015 0:00,72,66,59,T,7,
9/30/2015 0:00,63,59,55,0,5,
10/1/2015 0:00,60,57,53,0,4,
10/2/2015 0:00,62,58,53,0,4,
10/3/2015 0:00,55,52,49,0.04,8,Rain
10/4/2015 0:00,60,56,51,0,8,
10/5/2015 0:00,61,59,57,0,8,
10/6/2015 0:00,68,63,58,T,6,
10/7/2015 0:00,73,65,56,0,4,
10/8/2015 0:00,79,67,55,T,5,Thunderstorm
10/9/2015 0:00,67,58,49,0,7,
10/10/2015 0:00,66,56,45,0,5,
10/11/2015 0:00,80,67,53,0,1,
10/12/2015 0:00,77,67,56,0,4,
10/13/2015 0:00,64,58,51,0,5,
10/14/2015 0:00,65,55,45,0,2,
10/15/2015 0:00,71,60,49,0,3,
10/16/2015 0:00,56,49,42,0,2,
10/17/2015 0:00,54,45,36,0,1,
10/18/2015 0:00,61,48,35,0,0,
10/19/2015 0:00,74,61,47,0,3,
10/20/2015 0:00,77,66,55,0.09,5,Rain
10/21/2015 0:00,77,68,59,0,7,
10/22/2015 0:00,64,60,55,0,6,
10/23/2015 0:00,66,60,54,0.04,8,Rain
10/24/2015 0:00,68,60,51,0.12,8,Rain
10/25/2015 0:00,63,53,42,0,1,
10/26/2015 0:00,62,52,42,0,5,
10/27/2015 0:00,57,54,51,0.38,8,Rain
10/28/2015 0:00,58,49,39,0.16,7,Rain
10/29/2015 0:00,48,43,38,T,7,
10/30/2015 0:00,57,47,37,0,4,
10/31/2015 0:00,54,50,46,0.76,8,Rain
11/1/2015 0:00,65,56,46,0,1,
11/2/2015 0:00,74,62,50,0,2,
11/3/2015 0:00,73,62,50,0,1,
11/4/2015 0:00,73,62,50,0,3,Fog
11/5/2015 0:00,71,66,61,T,7,Rain
11/6/2015 0:00,67,55,43,0.47,7,Rain
11/7/2015 0:00,55,47,38,0,1,
11/8/2015 0:00,54,44,34,0,0,
11/9/2015 0:00,56,46,35,0,2,
11/10/2015 0:00,58,48,38,0,2,
11/11/2015 0:00,64,54,43,0.73,6,Rain-Thunderstorm
11/12/2015 0:00,58,51,44,0.02,8,Rain
11/13/2015 0:00,48,42,36,0,1,
11/14/2015 0:00,58,45,31,0,2,
11/15/2015 0:00,66,55,44,0,2,
11/16/2015 0:00,58,53,48,0.03,7,Rain
11/17/2015 0:00,63,56,49,0.44,8,Rain
11/18/2015 0:00,63,57,50,0.26,7,Rain
11/19/2015 0:00,50,44,37,T,3,
11/20/2015 0:00,43,38,33,0.12,6,Snow
11/21/2015 0:00,35,28,21,0.55,7,Fog-Rain-Snow
11/22/2015 0:00,29,21,13,0,4,
11/23/2015 0:00,39,33,27,0,3,
11/24/2015 0:00,45,36,26,0,3,
11/25/2015 0:00,53,46,39,0.02,6,Rain
11/26/2015 0:00,62,56,50,0.54,8,Rain
11/27/2015 0:00,57,48,38,0.81,8,Rain
11/28/2015 0:00,40,38,36,T,7,Rain
11/29/2015 0:00,43,37,30,0,6,
11/30/2015 0:00,46,43,39,0.15,8,Rain
12/1/2015 0:00,45,42,39,0.15,6,Rain-Thunderstorm
12/2/2015 0:00,39,36,33,0.13,7,Fog-Rain-Snow
12/3/2015 0:00,37,34,31,0,7,
12/4/2015 0:00,48,41,33,0,5,
12/5/2015 0:00,45,38,30,0,6,Fog
12/6/2015 0:00,48,40,32,0,5,
12/7/2015 0:00,40,37,33,T,7,Fog
12/8/2015 0:00,49,45,40,0,8,
12/9/2015 0:00,55,49,43,0,5,
12/10/2015 0:00,60,52,43,0,5,
12/11/2015 0:00,55,50,44,T,6,Rain
12/12/2015 0:00,60,56,51,T,8,Rain
12/13/2015 0:00,64,59,54,0.78,8,Rain-Thunderstorm
12/14/2015 0:00,62,53,43,0.37,8,Rain
12/15/2015 0:00,44,43,41,T,8,
12/16/2015 0:00,55,45,35,0.09,7,Rain
12/17/2015 0:00,36,33,30,0,7,
12/18/2015 0:00,33,30,26,T,6,Snow
12/19/2015 0:00,32,25,17,T,1,
12/20/2015 0:00,51,40,28,0.03,7,Rain
12/21/2015 0:00,54,49,43,0.72,8,Rain
12/22/2015 0:00,44,41,37,0.01,8,Rain
12/23/2015 0:00,61,52,42,0.84,8,Fog-Rain-Thunderstorm
12/24/2015 0:00,44,40,36,T,6,Rain
12/25/2015 0:00,46,41,36,0,5,
12/26/2015 0:00,45,43,41,0.24,8,Rain
12/27/2015 0:00,43,40,36,0.16,8,Rain
12/28/2015 0:00,42,37,32,1.82,8,Rain-Snow
12/29/2015 0:00,41,36,31,T,8,Snow
12/30/2015 0:00,31,30,28,0.06,8,Fog-Snow
12/31/2015 0:00,29,27,24,T,6,Snow
1/1/2016 0:00,31,26,20,T,5,Snow
1/2/2016 0:00,33,28,22,0,1,
1/3/2016 0:00,31,28,24,T,6,Snow
1/4/2016 0:00,32,29,25,T,6,Snow
1/5/2016 0:00,34,28,21,0,3,
1/6/2016 0:00,39,32,25,0,7,
1/7/2016 0:00,43,40,36,T,8,
1/8/2016 0:00,46,43,39,0.18,8,Rain
1/9/2016 0:00,44,36,27,0.27,8,Rain-Snow
1/10/2016 0:00,27,16,4,T,5,Snow
1/11/2016 0:00,26,14,2,0.06,6,Snow
1/12/2016 0:00,22,14,5,T,4,Snow
1/13/2016 0:00,29,16,2,T,5,Snow
1/14/2016 0:00,45,37,28,0,5,
1/15/2016 0:00,43,38,32,0.02,8,Rain-Snow
1/16/2016 0:00,32,23,14,0,5,
1/17/2016 0:00,14,8,1,T,3,
1/18/2016 0:00,10,4,-2,0,1,
1/19/2016 0:00,18,10,2,0,4,
1/20/2016 0:00,25,19,13,0.03,6,Snow
1/21/2016 0:00,32,24,16,0,6,
1/22/2016 0:00,32,27,21,0.01,7,Snow
1/23/2016 0:00,35,30,24,T,6,Snow
1/24/2016 0:00,37,31,24,0,6,
1/25/2016 0:00,43,36,29,0.06,8,Rain
1/26/2016 0:00,38,33,27,T,7,Snow
1/27/2016 0:00,35,31,26,T,7,Snow
1/28/2016 0:00,41,36,31,T,6,Rain-Snow
1/29/2016 0:00,37,31,24,0,5,
1/30/2016 0:00,49,43,36,T,6,
1/31/2016 0:00,49,42,34,0.02,7,Rain
2/1/2016 0:00,47,39,31,0,4,
2/2/2016 0:00,40,38,36,0.08,8,Fog-Rain-Thunderstorm
2/3/2016 0:00,39,34,29,T,7,Fog-Rain-Snow
2/4/2016 0:00,32,27,21,T,4,Snow
2/5/2016 0:00,34,31,27,T,7,Snow
2/6/2016 0:00,42,34,27,0,4,
2/7/2016 0:00,46,40,34,0,5,
2/8/2016 0:00,34,29,23,T,7,Snow
2/9/2016 0:00,23,19,15,T,8,Snow
2/10/2016 0:00,19,15,11,T,4,Snow
2/11/2016 0:00,24,17,9,0,2,
2/12/2016 0:00,25,17,9,T,5,Snow
2/13/2016 0:00,19,12,4,0,2,
2/14/2016 0:00,19,16,13,0.01,7,Snow
2/15/2016 0:00,29,24,19,T,8,Snow
2/16/2016 0:00,37,32,26,0.03,8,Snow
2/17/2016 0:00,36,32,27,0,4,
2/18/2016 0:00,42,34,26,0,7,
2/19/2016 0:00,65,54,42,0,4,
2/20/2016 0:00,60,51,42,0,3,
2/21/2016 0:00,44,40,35,0,7,
2/22/2016 0:00,45,37,28,0,4,
2/23/2016 0:00,46,39,31,0,6,
2/24/2016 0:00,39,36,32,0.04,8,Fog-Snow
2/25/2016 0:00,38,35,32,T,8,Snow
2/26/2016 0:00,35,32,28,T,7,Snow
2/27/2016 0:00,55,42,28,0,3,
2/28/2016 0:00,64,51,38,0.05,6,Rain
2/29/2016 0:00,55,43,30,T,6,Rain
3/1/2016 0:00,33,27,20,0.06,7,Fog-Rain-Snow
3/2/2016 0:00,33,24,14,T,4,Snow
3/3/2016 0:00,33,31,29,0.05,8,Snow
3/4/2016 0:00,39,31,23,0.03,5,Snow
3/5/2016 0:00,39,34,30,0,8,Snow
